{
    "version": "2.30.3",
    "description": "The 1Password command-line tool makes your 1Password account accessible entirely from the command line.",
    "homepage": "https://developer.1password.com/docs/cli",
    "license": {
        "identifier": "Shareware",
        "url": "https://1password.com/legal/terms-of-service/"
    },
    "architecture": {
        "64bit": {
            "url": "https://cache.agilebits.com/dist/1P/op2/pkg/v2.30.3/op_windows_amd64_v2.30.3.zip",
            "hash": "3191456f345aab7435252284a5196fc94ecaf7f7ca3715338f01b17e50af1386"
        },
        "32bit": {
            "url": "https://cache.agilebits.com/dist/1P/op2/pkg/v2.30.3/op_windows_386_v2.30.3.zip",
            "hash": "ff8f901f53977dd5cfd485add72375034cb2a1a953fef9c9cd97e8595287b4c1"
        }
    },
    "bin": "op.exe",
    "notes": [
        "1Password CLI v2 completely changes the commands schema! Either migrate your setup, following ",
        "instructions on https://developer.1password.com/docs/cli/upgrade/#step-2-update-your-scripts ",
        "or install 1Password CLI v1 from the Versions bucket."
    ],
    "checkver": {
        "url": "https://app-updates.agilebits.com/product_history/CLI2",
        "regex": "/op_windows_amd64_v([\\d.]+)\\.zip"
    },
    "autoupdate": {
        "architecture": {
            "64bit": {
                "url": "https://cache.agilebits.com/dist/1P/op2/pkg/v$version/op_windows_amd64_v$version.zip"
            },
            "32bit": {
                "url": "https://cache.agilebits.com/dist/1P/op2/pkg/v$version/op_windows_386_v$version.zip"
            }
        }
    }
}
