{
    "version": "2.4.62",
    "description": "Apache HTTP server benchmarking tool ('ab')",
    "homepage": "https://www.apachelounge.com",
    "license": "Apache-2.0",
    "architecture": {
        "64bit": {
            "url": "https://fossies.org/windows/www/httpd-2.4.62-240718-win64-VS17.zip",
            "hash": "31e50d8e7706d45411a26ad1a8daa438a9e9af3721790d84092646f4ce996355"
        }
    },
    "extract_dir": "Apache24",
    "pre_install": "Remove-Item \"$dir\\*\" -Exclude ab.exe,abs.exe,libcrypto*.dll,libssl*.dll,NOTICE.txt,LICENSE.txt -Recurse -Force",
    "bin": [
        "bin\\ab.exe",
        "bin\\abs.exe"
    ],
    "checkver": {
        "url": "https://fossies.org/windows/www/",
        "regex": "httpd-([\\d.]+)-(?<date>[\\d]+)-win64-VS17\\.zip"
    },
    "autoupdate": {
        "architecture": {
            "64bit": {
                "url": "https://fossies.org/windows/www/httpd-$version-$matchDate-win64-VS17.zip"
            }
        },
        "hash": {
            "url": "$url_fossies.sha256"
        },
        "extract_dir": "Apache$majorVersion$minorVersion"
    }
}
