{
    "version": "0.25.0",
    "description": "A powerful chatgpt cli",
    "homepage": "https://github.com/sigoden/aichat",
    "license": "MIT|Apache",
    "architecture": {
        "64bit": {
            "url": "https://github.com/sigoden/aichat/releases/download/v0.25.0/aichat-v0.25.0-x86_64-pc-windows-msvc.zip",
            "hash": "a0667829a43e623e03b445dd436c0d765d5bbe6e4f9d7e4e728950007556bf58"
        },
        "32bit": {
            "url": "https://github.com/sigoden/aichat/releases/download/v0.25.0/aichat-v0.25.0-i686-pc-windows-msvc.zip",
            "hash": "5267acac78921dc924c41cb59964f225a472242ec2dc0f7fbcbcc59df1456ed9"
        }
    },
    "bin": "aichat.exe",
    "checkver": "github",
    "autoupdate": {
        "architecture": {
            "64bit": {
                "url": "https://github.com/sigoden/aichat/releases/download/v$version/aichat-v$version-x86_64-pc-windows-msvc.zip"
            },
            "32bit": {
                "url": "https://github.com/sigoden/aichat/releases/download/v$version/aichat-v$version-i686-pc-windows-msvc.zip"
            }
        }
    }
}
