{
    "version": "1.61.1",
    "description": "A live-reloading command line utility for developing Go applications.",
    "homepage": "https://github.com/cosmtrek/air",
    "license": "GPL-3.0-or-later",
    "architecture": {
        "64bit": {
            "url": "https://github.com/cosmtrek/air/releases/download/v1.61.1/air_1.61.1_windows_amd64.tar.gz",
            "hash": "c81f3b418c06debce5883bd09c8a36c3751706059dc1c4d95f45b191ea2a5135"
        },
        "32bit": {
            "url": "https://github.com/cosmtrek/air/releases/download/v1.61.1/air_1.61.1_windows_386.tar.gz",
            "hash": "5be20d50b95579fc43c3ac696861c4815cb1969675adb13474a1939b10bdaaee"
        },
        "arm64": {
            "url": "https://github.com/cosmtrek/air/releases/download/v1.61.1/air_1.61.1_windows_arm64.tar.gz",
            "hash": "ba3227b89280b29a398d19be403317f04838ed473a973cf09a17f02dc30e0125"
        }
    },
    "bin": "air.exe",
    "checkver": "github",
    "autoupdate": {
        "architecture": {
            "64bit": {
                "url": "https://github.com/cosmtrek/air/releases/download/v$version/air_$version_windows_amd64.tar.gz"
            },
            "32bit": {
                "url": "https://github.com/cosmtrek/air/releases/download/v$version/air_$version_windows_386.tar.gz"
            },
            "arm64": {
                "url": "https://github.com/cosmtrek/air/releases/download/v$version/air_$version_windows_arm64.tar.gz"
            }
        },
        "hash": {
            "url": "$baseurl/air_$version_checksums.txt"
        }
    }
}
