{
    "version": "3.40.0",
    "description": "A file list program that supports multiple storage, powered by Gin and Solidjs.",
    "homepage": "https://alist.nn.ci",
    "license": "AGPL-3.0-or-later",
    "architecture": {
        "64bit": {
            "url": "https://github.com/alist-org/alist/releases/download/v3.40.0/alist-windows-amd64.zip",
            "hash": "md5:659d0c5492fb833eb2baaa71171d96fc"
        },
        "32bit": {
            "url": "https://github.com/alist-org/alist/releases/download/v3.40.0/alist-windows-386.zip",
            "hash": "md5:1b618cfbe065ca772f06ec9eba30c8ba"
        },
        "arm64": {
            "url": "https://github.com/alist-org/alist/releases/download/v3.40.0/alist-windows-arm64.zip",
            "hash": "md5:f59067ef7f9515c6147c25dc9dfe948f"
        }
    },
    "bin": [
        [
            "alist.exe",
            "alist",
            "--force-bin-dir"
        ]
    ],
    "persist": [
        "data",
        "log"
    ],
    "checkver": {
        "github": "https://github.com/alist-org/alist"
    },
    "autoupdate": {
        "architecture": {
            "64bit": {
                "url": "https://github.com/alist-org/alist/releases/download/v$version/alist-windows-amd64.zip"
            },
            "32bit": {
                "url": "https://github.com/alist-org/alist/releases/download/v$version/alist-windows-386.zip"
            },
            "arm64": {
                "url": "https://github.com/alist-org/alist/releases/download/v$version/alist-windows-arm64.zip"
            }
        },
        "hash": {
            "url": "$baseurl/md5.txt"
        }
    }
}
