{
    "version": "3.0.235",
    "description": "Manage and use Alibaba Cloud resources.",
    "homepage": "https://github.com/aliyun/aliyun-cli",
    "license": "Apache-2.0",
    "architecture": {
        "64bit": {
            "url": "https://github.com/aliyun/aliyun-cli/releases/download/v3.0.235/aliyun-cli-windows-3.0.235-amd64.zip",
            "hash": "8607e9352cafc1f32088fdd9d5bcf499f61986c2767f24b6701da7d427c8800c"
        }
    },
    "bin": "aliyun.exe",
    "checkver": "github",
    "autoupdate": {
        "architecture": {
            "64bit": {
                "url": "https://github.com/aliyun/aliyun-cli/releases/download/v$version/aliyun-cli-windows-$version-amd64.zip"
            }
        }
    }
}
