{
    "version": "2.32.0",
    "description": "A flexible lightweight multi-language test report tool",
    "homepage": "https://github.com/allure-framework/allure2",
    "license": "Apache-2.0",
    "url": "https://github.com/allure-framework/allure2/releases/download/2.32.0/allure-2.32.0.zip",
    "hash": "d0670d85cda9677409b1e8615c2a26f5acfbf64658fbb0e05958d70626f99318",
    "extract_dir": "allure-2.32.0",
    "bin": "bin\\allure.bat",
    "env_set": {
        "ALLURE_HOME": "$dir"
    },
    "checkver": "github",
    "autoupdate": {
        "url": "https://github.com/allure-framework/allure2/releases/download/$version/allure-$version.zip",
        "extract_dir": "allure-$version"
    }
}
