{
    "version": "3.0.0-M2",
    "description": "Ammonite lets you use the Scala language for scripting purposes: in the REPL, as scripts, as a library, or as a standalone systems shell.",
    "homepage": "https://ammonite.io",
    "license": "MIT",
    "suggest": {
        "JDK": "java/openjdk"
    },
    "url": "https://github.com/lihaoyi/Ammonite/releases/download/3.0.0-M2/2.12-3.0.0-M2#/amm.bat",
    "hash": "4d29a4edb50cdff0fbaf8e0478622ac341e00d73ed6e7ceb7fae8a37a48bdd08",
    "bin": "amm.bat",
    "checkver": {
        "url": "https://api.github.com/repos/lihaoyi/Ammonite/releases",
        "regex": "tag/([\\d\\w.-]+)"
    },
    "autoupdate": {
        "url": "https://github.com/lihaoyi/Ammonite/releases/download/$version/2.12-$version#/amm.bat"
    }
}
