{
    "version": "2.4.62",
    "description": "The Apache HTTP Server ('httpd')",
    "homepage": "https://www.apachelounge.com",
    "license": "Apache-2.0",
    "architecture": {
        "64bit": {
            "url": "https://fossies.org/windows/www/httpd-2.4.62-240718-win64-VS17.zip",
            "hash": "31e50d8e7706d45411a26ad1a8daa438a9e9af3721790d84092646f4ce996355"
        }
    },
    "extract_dir": "Apache24",
    "bin": [
        "bin\\ab.exe",
        "bin\\abs.exe",
        "bin\\htcacheclean.exe",
        "bin\\htdbm.exe",
        "bin\\htdigest.exe",
        "bin\\htpasswd.exe",
        "bin\\httpd.exe",
        "bin\\httxt2dbm.exe",
        "bin\\logresolve.exe",
        "bin\\rotatelogs.exe"
    ],
    "post_install": [
        "    # set directory in httpd.conf",
        "$conf = \"$dir\\conf\\httpd.conf\"",
        "$root= \"$dir\" -replace '\\\\', '/'",
        "((Get-Content $conf) -replace 'c:/Apache24', \"$root\") | Set-Content $conf"
    ],
    "persist": [
        "htdocs",
        "conf",
        "logs"
    ],
    "checkver": {
        "url": "https://fossies.org/windows/www/",
        "regex": "httpd-([\\d.]+)-(?<date>[\\d]+)-win64-VS17\\.zip"
    },
    "autoupdate": {
        "architecture": {
            "64bit": {
                "url": "https://fossies.org/windows/www/httpd-$version-$matchDate-win64-VS17.zip"
            }
        },
        "hash": {
            "url": "$url_fossies.sha256"
        },
        "extract_dir": "Apache$majorVersion$minorVersion"
    }
}
