{
    "version": "2.38.4",
    "description": "Declarative CLI version manager written in Go",
    "homepage": "https://aquaproj.github.io/",
    "license": "MIT",
    "architecture": {
        "64bit": {
            "url": "https://github.com/aquaproj/aqua/releases/download/v2.38.4/aqua_windows_amd64.zip",
            "hash": "46ce04fb531cf3442a062eb09975574de452354386acf91ab4c099994980de74"
        },
        "arm64": {
            "url": "https://github.com/aquaproj/aqua/releases/download/v2.38.4/aqua_windows_amd64.zip",
            "hash": "46ce04fb531cf3442a062eb09975574de452354386acf91ab4c099994980de74"
        }
    },
    "bin": "aqua.exe",
    "checkver": {
        "github": "https://github.com/aquaproj/aqua"
    },
    "autoupdate": {
        "architecture": {
            "64bit": {
                "url": "https://github.com/aquaproj/aqua/releases/download/v$version/aqua_windows_amd64.zip"
            },
            "arm64": {
                "url": "https://github.com/aquaproj/aqua/releases/download/v$version/aqua_windows_amd64.zip"
            }
        },
        "hash": {
            "url": "$baseurl/aqua_$version_checksums.txt"
        }
    }
}
