{
    "version": "1.1.1",
    "description": "Arduino command line interface",
    "homepage": "https://github.com/arduino/arduino-cli",
    "license": "GPL-3.0-or-later",
    "architecture": {
        "64bit": {
            "url": "https://github.com/arduino/arduino-cli/releases/download/v1.1.1/arduino-cli_1.1.1_Windows_64bit.zip",
            "hash": "f49a61865ff5d91d2732a19c51b0ac767cce51213db84b0b28b98ee070879f66"
        },
        "32bit": {
            "url": "https://github.com/arduino/arduino-cli/releases/download/v1.1.1/arduino-cli_1.1.1_Windows_32bit.zip",
            "hash": "ab9ced1036d4fa8648bd25382e0f5493a500c7deb62f7d5a6008bbdf3e8e5ffc"
        }
    },
    "bin": "arduino-cli.exe",
    "checkver": "github",
    "autoupdate": {
        "architecture": {
            "64bit": {
                "url": "https://github.com/arduino/arduino-cli/releases/download/v$version/arduino-cli_$version_Windows_64bit.zip"
            },
            "32bit": {
                "url": "https://github.com/arduino/arduino-cli/releases/download/v$version/arduino-cli_$version_Windows_32bit.zip"
            }
        },
        "hash": {
            "url": "$baseurl/$version-checksums.txt"
        }
    }
}
