{
    "version": "3.6.2",
    "description": "Workflow engine for orchestrating parallel jobs on Kubernetes",
    "homepage": "https://github.com/argoproj/argo-workflows",
    "license": "Apache-2.0",
    "architecture": {
        "64bit": {
            "url": "https://github.com/argoproj/argo-workflows/releases/download/v3.6.2/argo-windows-amd64.exe.gz",
            "hash": "616d115f5ed2f5024207b1efa350513adf128dacf5f7d4d16a06eda4a4c5bba8"
        }
    },
    "pre_install": "Rename-Item $dir\\argo-windows-amd64.exe $dir\\argo.exe",
    "bin": "argo.exe",
    "checkver": "github",
    "autoupdate": {
        "architecture": {
            "64bit": {
                "url": "https://github.com/argoproj/argo-workflows/releases/download/v$version/argo-windows-amd64.exe.gz"
            }
        },
        "hash": {
            "url": "$url.sha256"
        }
    }
}
