{
    "version": "2.13.1",
    "description": "CLI for ArgoCD - declarative, GitOps continuous delivery tool for Kubernetes",
    "homepage": "https://github.com/argoproj/argo-cd",
    "license": "Apache-2.0",
    "architecture": {
        "64bit": {
            "url": "https://github.com/argoproj/argo-cd/releases/download/v2.13.1/argocd-windows-amd64.exe#/argocd.exe",
            "hash": "24fac0eb8e37a195cefa46160d376bb5a6fb96556fad80ceae95acd0864c5123"
        }
    },
    "bin": "argocd.exe",
    "checkver": "github",
    "autoupdate": {
        "architecture": {
            "64bit": {
                "url": "https://github.com/argoproj/argo-cd/releases/download/v$version/argocd-windows-amd64.exe#/argocd.exe"
            }
        }
    }
}
