{
    "version": "0.60.8.1-2",
    "description": "A spellchecker commonly used with emacs.",
    "homepage": "http://aspell.net/",
    "license": "LGPL-2.1-only",
    "architecture": {
        "64bit": {
            "url": [
                "https://mirror.msys2.org/mingw/mingw64/mingw-w64-x86_64-aspell-0.60.8.1-2-any.pkg.tar.zst",
                "https://mirror.msys2.org/mingw/mingw64/mingw-w64-x86_64-aspell-en-2020.12.07-1-any.pkg.tar.zst",
                "https://mirror.msys2.org/mingw/mingw64/mingw-w64-x86_64-gcc-libs-13.2.0-6-any.pkg.tar.zst",
                "https://mirror.msys2.org/mingw/mingw64/mingw-w64-x86_64-gettext-runtime-0.22.5-2-any.pkg.tar.zst",
                "https://mirror.msys2.org/mingw/mingw64/mingw-w64-x86_64-libiconv-1.17-4-any.pkg.tar.zst",
                "https://mirror.msys2.org/mingw/mingw64/mingw-w64-x86_64-libwinpthread-git-11.0.0.r731.g8fdf7c9b5-1-any.pkg.tar.zst"
            ],
            "hash": [
                "b90b97dd5f164878488f2e7359dcf2183e8ca32464f939bd7927da139512f61e",
                "98745b2737dc107adcb76264c1de61489fd44b5e74f6c50cf8eb8f2c27f826f9",
                "91c57763b84f4001cd4fb3b9243b5206c8add06f445941597283373ac225e6f1",
                "1fabd1963b4b436d124e4a2963d9807b945bde01ea05350e58afabd7989eb24d",
                "ceedb36b46fe8e6ff69d619774c4d2ce1f118b50ee6a00194d874855c3ae6a57",
                "492c90475f4d4f5a3d2cdd7f3f2911eb581941c630d89dea060ae7de7596b5e0"
            ],
            "extract_dir": [
                "mingw64",
                "mingw64",
                "mingw64",
                "mingw64",
                "mingw64",
                "mingw64"
            ]
        },
        "32bit": {
            "url": [
                "https://mirror.msys2.org/mingw/mingw32/mingw-w64-i686-aspell-0.60.8.1-2-any.pkg.tar.zst",
                "https://mirror.msys2.org/mingw/mingw32/mingw-w64-i686-aspell-en-2020.12.07-1-any.pkg.tar.zst",
                "https://mirror.msys2.org/mingw/mingw32/mingw-w64-i686-gcc-libs-13.2.0-6-any.pkg.tar.zst",
                "https://mirror.msys2.org/mingw/mingw32/mingw-w64-i686-gettext-runtime-0.22.5-2-any.pkg.tar.zst",
                "https://mirror.msys2.org/mingw/mingw32/mingw-w64-i686-libiconv-1.17-4-any.pkg.tar.zst",
                "https://mirror.msys2.org/mingw/mingw32/mingw-w64-i686-libwinpthread-git-11.0.0.r731.g8fdf7c9b5-1-any.pkg.tar.zst"
            ],
            "hash": [
                "044ac460f2ae7b766e7dd266d7c9f21b2124a0e054abbc802cac5956c79f62a5",
                "68f489be677cbe3e3eca5149112dbc41b159ec2067fda576d002bc0cdb71a779",
                "501d40c5c5666ee2e2adbaa4d72672f79941ce341443b8960d89eda323a022c7",
                "12b80d1f8c890af537c5bddd7534cccf8849dc084166133c162a96c1f47b325a",
                "6c0de93442d26763c9a4645028dd3598ca06fcf69727485897cca36c7e83d14c",
                "bac61cbd9b498f0ad986a6bda1b0945feebb1d78ae3c82e065a69b20b5c836bb"
            ],
            "extract_dir": [
                "mingw32",
                "mingw32",
                "mingw32",
                "mingw32",
                "mingw32",
                "mingw32"
            ]
        }
    },
    "bin": [
        "bin\\aspell.exe",
        "bin\\word-list-compress.exe"
    ],
    "checkver": {
        "url": "https://packages.msys2.org/package/mingw-w64-x86_64-aspell",
        "regex": "mingw-w64-x86_64-aspell-([\\d.-]+)-any"
    }
}
