{
    "version": "0.31.1",
    "description": "A fast and polyglot tool for code searching, linting, rewriting at large scale.",
    "homepage": "https://ast-grep.github.io",
    "license": "MIT",
    "architecture": {
        "64bit": {
            "url": "https://github.com/ast-grep/ast-grep/releases/download/0.31.1/app-x86_64-pc-windows-msvc.zip",
            "hash": "b4cfeee56ddd9512ecac5086346d979d046f068ad12abc256c8023ffeefa3cda"
        }
    },
    "bin": "sg.exe",
    "checkver": {
        "github": "https://github.com/ast-grep/ast-grep"
    },
    "autoupdate": {
        "architecture": {
            "64bit": {
                "url": "https://github.com/ast-grep/ast-grep/releases/download/$version/app-x86_64-pc-windows-msvc.zip"
            }
        }
    }
}
