{
    "version": "3.6.5",
    "description": "A Free, Fast, and Small Automatic Formatter for C, C++, C++/CLI, Objective-C, C#, and Java Source Code",
    "homepage": "https://astyle.sourceforge.net/",
    "license": "MIT",
    "architecture": {
        "64bit": {
            "url": "https://downloads.sourceforge.net/project/astyle/astyle/astyle%203.6/astyle-3.6.5-x64.zip",
            "hash": "sha1:de658a57a2de149a6d072b00bf93f17b07bfa686",
            "extract_dir": "astyle-3.6.5-x64"
        },
        "32bit": {
            "url": "https://downloads.sourceforge.net/project/astyle/astyle/astyle%203.6/astyle-3.6.5.zip",
            "hash": "sha1:31c57cddeec8b9dee2e71c8234d7ad7cbaa4c62f",
            "extract_dir": "astyle-3.6.5"
        }
    },
    "bin": "astyle.exe",
    "checkver": {
        "url": "https://astyle.sourceforge.net/notes.html",
        "regex": "Artistic Style ([\\d.]+)"
    },
    "autoupdate": {
        "architecture": {
            "64bit": {
                "url": "https://downloads.sourceforge.net/project/astyle/astyle/astyle%20$majorVersion.$minorVersion/astyle-$version-x64.zip",
                "extract_dir": "astyle-$version-x64"
            },
            "32bit": {
                "url": "https://downloads.sourceforge.net/project/astyle/astyle/astyle%20$majorVersion.$minorVersion/astyle-$version.zip",
                "extract_dir": "astyle-$version"
            }
        }
    }
}
