{
    "version": "0.6.28",
    "description": "A tool to use AWS IAM credentials to authenticate to a Kubernetes cluster",
    "homepage": "https://github.com/kubernetes-sigs/aws-iam-authenticator",
    "license": "Apache-2.0",
    "architecture": {
        "64bit": {
            "url": "https://github.com/kubernetes-sigs/aws-iam-authenticator/releases/download/v0.6.28/aws-iam-authenticator_0.6.28_windows_amd64.exe#/aws-iam-authenticator.exe",
            "hash": "4e88da292a73dfc61cdc7b6ab2f6276c0c0cd3f2c9cbe364eb3f4b38c92e36c8"
        }
    },
    "bin": "aws-iam-authenticator.exe",
    "checkver": "github",
    "autoupdate": {
        "architecture": {
            "64bit": {
                "url": "https://github.com/kubernetes-sigs/aws-iam-authenticator/releases/download/v$version/aws-iam-authenticator_$version_windows_amd64.exe#/aws-iam-authenticator.exe"
            }
        },
        "hash": {
            "url": "$baseurl/authenticator_$version_checksums.txt"
        }
    }
}
