{
    "version": "12.13.1",
    "description": "A unified toolchain to create, integrate, and manage the AWS cloud services for your app.",
    "homepage": "https://docs.amplify.aws/cli",
    "license": "Apache-2.0",
    "architecture": {
        "64bit": {
            "url": "https://github.com/aws-amplify/amplify-cli/releases/download/v12.13.1/amplify-pkg-win.exe.tgz",
            "hash": "5af7725b7170a9ffd443652ccc37427ad118e400b21e67e345acd8c0bb50c194"
        }
    },
    "pre_install": "Rename-Item \"$dir\\amplify-pkg-win.exe\" 'amplify.exe'",
    "bin": "amplify.exe",
    "checkver": {
        "github": "https://github.com/aws-amplify/amplify-cli"
    },
    "autoupdate": {
        "architecture": {
            "64bit": {
                "url": "https://github.com/aws-amplify/amplify-cli/releases/download/v$version/amplify-pkg-win.exe.tgz"
            }
        }
    }
}
