{
    "version": "2.25.0",
    "description": "Allows deleting all resources of an AWS account.",
    "homepage": "https://github.com/rebuy-de/aws-nuke",
    "license": "MIT",
    "architecture": {
        "64bit": {
            "url": "https://github.com/rebuy-de/aws-nuke/releases/download/v2.25.0/aws-nuke-v2.25.0-windows-amd64.zip",
            "hash": "d7a8a0e68bfb2c26cf4fa3931d6608828c483fdd7f34f04a2316bde12eb6ea1f"
        }
    },
    "pre_install": "Rename-Item \"$dir\\aws-nuke-v$version-windows-amd64.exe\" \"$dir\\aws-nuke.exe\"",
    "bin": "aws-nuke.exe",
    "checkver": "github",
    "autoupdate": {
        "architecture": {
            "64bit": {
                "url": "https://github.com/rebuy-de/aws-nuke/releases/download/v$version/aws-nuke-v$version-windows-amd64.zip"
            }
        }
    }
}
