{
    "version": "2.22.14",
    "description": "Unified tool to manage AWS services",
    "homepage": "https://aws.amazon.com/cli/",
    "license": "Apache-2.0",
    "architecture": {
        "64bit": {
            "url": "https://awscli.amazonaws.com/AWSCLIV2-2.22.14.msi",
            "hash": "a44245a424c542a6a2d6f6d76d650744562256cc8e9faceeed9bf1be8a61c64a"
        }
    },
    "extract_dir": "Amazon\\AWSCLIV2",
    "bin": [
        "aws.exe",
        "aws_completer.exe"
    ],
    "checkver": {
        "url": "https://api.github.com/repositories/6780767/tags",
        "jsonpath": "$[0].name"
    },
    "autoupdate": {
        "architecture": {
            "64bit": {
                "url": "https://awscli.amazonaws.com/AWSCLIV2-$version.msi"
            }
        }
    }
}
