{
    "version": "10.27.1",
    "description": "Command-line utility to download/upload blobs and files from Microsoft Azure storage accounts",
    "homepage": "https://docs.microsoft.com/en-us/azure/storage/common/storage-use-azcopy-v10",
    "license": {
        "identifier": "MIT",
        "url": "https://github.com/Azure/azure-storage-azcopy/blob/main/LICENSE"
    },
    "architecture": {
        "64bit": {
            "url": "https://aka.ms/downloadazcopy-v10-windows/#dl.zip",
            "hash": "d0cfe7c3682b960f1ff70f4f763f8ac89a13bed91866ee4cea1150daf2cd8aa0",
            "extract_dir": "azcopy_windows_amd64_10.27.1"
        },
        "32bit": {
            "url": "https://aka.ms/downloadazcopy-v10-windows-32bit#/dl.zip",
            "hash": "14a339020b56c6dbb994f3b9a496b5a5abdbd7011e1aa705ba507e20711dd530",
            "extract_dir": "azcopy_windows_386_10.27.1"
        }
    },
    "bin": "azcopy.exe",
    "checkver": {
        "github": "https://github.com/Azure/azure-storage-azcopy"
    },
    "autoupdate": {
        "architecture": {
            "64bit": {
                "url": "https://aka.ms/downloadazcopy-v10-windows/#dl.zip",
                "extract_dir": "azcopy_windows_amd64_$version"
            },
            "32bit": {
                "url": "https://aka.ms/downloadazcopy-v10-windows-32bit#/dl.zip",
                "extract_dir": "azcopy_windows_386_$version"
            }
        }
    }
}
