{
    "version": "0.15.0",
    "description": "A tool to bring your existing Azure resources under the management of Terraform.",
    "homepage": "https://github.com/Azure/aztfexport",
    "license": "MIT",
    "architecture": {
        "64bit": {
            "url": "https://github.com/Azure/aztfexport/releases/download/v0.15.0/aztfexport_v0.15.0_windows_amd64.zip",
            "hash": "84646be5d98960fcb2f067bace4110a991c76d4f6da48aa088fb114c059a564b"
        },
        "32bit": {
            "url": "https://github.com/Azure/aztfexport/releases/download/v0.15.0/aztfexport_v0.15.0_windows_386.zip",
            "hash": "aa1f32a145796e1587c682ffc399708e75a4c492a332b514bf591ac73247627f"
        }
    },
    "bin": "aztfexport.exe",
    "checkver": "github",
    "autoupdate": {
        "architecture": {
            "64bit": {
                "url": "https://github.com/Azure/aztfexport/releases/download/v$version/aztfexport_v$version_windows_amd64.zip"
            },
            "32bit": {
                "url": "https://github.com/Azure/aztfexport/releases/download/v$version/aztfexport_v$version_windows_386.zip"
            }
        },
        "hash": {
            "url": "$baseurl/aztfexport_SHA256SUMS"
        }
    }
}
