{
    "version": "13.0.0.39184",
    "description": "PowerShell cmdlets for developers and administrators to develop, deploy and manage Microsoft Azure applications.",
    "homepage": "https://aka.ms/azpsdocs",
    "license": "Apache-2.0",
    "architecture": {
        "64bit": {
            "url": "https://github.com/Azure/azure-powershell/releases/download/v13.0.0-November2024/Az-Cmdlets-13.0.0.39184-x64.msi",
            "hash": "ea014cd03508d1ec06839973fcf719027234aa436d9cf6c5e750caf8340a2e62"
        },
        "32bit": {
            "url": "https://github.com/Azure/azure-powershell/releases/download/v13.0.0-November2024/Az-Cmdlets-13.0.0.39184-x86.msi",
            "hash": "4bde3403412859f9e7173099c3c481baae05a027f76d59cef59d31941d6eda6d"
        }
    },
    "extract_dir": "WindowsPowerShell\\Modules",
    "psmodule": {
        "name": "AzureRM"
    },
    "checkver": {
        "url": "https://api.github.com/repositories/23891194/releases",
        "regex": "download/v(?<release>[^/]+)/Az-Cmdlets-([0-9.]+)-x64[.]msi"
    },
    "autoupdate": {
        "architecture": {
            "64bit": {
                "url": "https://github.com/Azure/azure-powershell/releases/download/v$matchRelease/Az-Cmdlets-$version-x64.msi"
            },
            "32bit": {
                "url": "https://github.com/Azure/azure-powershell/releases/download/v$matchRelease/Az-Cmdlets-$version-x86.msi"
            }
        }
    }
}
