{
    "version": "2.67.0",
    "description": "A cross-platform command-line tool to connect to Azure and execute administrative commands on Azure resources",
    "homepage": "https://aka.ms/cli",
    "license": "MIT",
    "notes": [
        "* Known issue:",
        "  - Cannot be extracted due to long path: https://github.com/ScoopInstaller/Main/issues/5300"
    ],
    "architecture": {
        "64bit": {
            "url": "https://azcliprod.blob.core.windows.net/zip/azure-cli-2.67.0-x64.zip",
            "hash": "b8b31530939d8016ff23da4d2196a4286e9db6477117733c770b805b6fa64162"
        }
    },
    "env_set": {
        "AZURE_CLI_PATH": "$dir\\bin",
        "AzureCLIPath": "$dir\\bin"
    },
    "bin": "bin\\az.cmd",
    "checkver": {
        "github": "https://github.com/Azure/azure-cli",
        "regex": "/releases/tag/azure-cli-([\\d.]+)"
    },
    "autoupdate": {
        "architecture": {
            "64bit": {
                "url": "https://azcliprod.blob.core.windows.net/zip/azure-cli-$version-x64.zip"
            }
        }
    }
}
