{
    "version": "0.1.5",
    "description": "A client-go credential (exec) plugin implementing Azure authentication.",
    "homepage": "https://github.com/Azure/kubelogin/",
    "license": "MIT",
    "architecture": {
        "64bit": {
            "url": "https://github.com/Azure/kubelogin/releases/download/v0.1.5/kubelogin-win-amd64.zip",
            "hash": "570cc6c0347bee7998d2a8956b5938ba04c396f4f2323c30161e715b4092f431"
        }
    },
    "bin": "bin\\windows_amd64\\kubelogin.exe",
    "checkver": "github",
    "autoupdate": {
        "architecture": {
            "64bit": {
                "url": "https://github.com/Azure/kubelogin/releases/download/v$version/kubelogin-win-amd64.zip"
            }
        },
        "hash": {
            "url": "$url.sha256"
        }
    }
}
