{
    "version": "20.0.9",
    "description": "Official balena CLI for interacting with balenaCloud and balena API.",
    "homepage": "https://github.com/balena-io/balena-cli",
    "license": "Apache-2.0",
    "architecture": {
        "64bit": {
            "url": "https://github.com/balena-io/balena-cli/releases/download/v20.0.9/balena-cli-v20.0.9-windows-x64-standalone.zip",
            "hash": "8f38bd7baa1d9e75a4b7cb90b47c5c3e42ab49a8ad40e000259540742363ee7f"
        }
    },
    "extract_dir": "balena-cli",
    "bin": "balena.exe",
    "checkver": "github",
    "autoupdate": {
        "architecture": {
            "64bit": {
                "url": "https://github.com/balena-io/balena-cli/releases/download/v$version/balena-cli-v$version-windows-x64-standalone.zip"
            }
        }
    }
}
