{
    "version": "1.2.0",
    "description": "Conversion of the Linux base64 utility to encode/decode data and print to standard output. Base64 is a data encoding scheme described in RFC 4648.",
    "homepage": "https://www.di-mgt.com.au/base64-for-windows.html",
    "license": "Freeware",
    "url": "https://www.di-mgt.com.au/src/base64-1.2.0.zip",
    "hash": "sha1:2ede29a3f0ecc49ba6e1f39e222739e2505e860c",
    "bin": "base64.exe",
    "checkver": {
        "url": "https://www.di-mgt.com.au/base64-for-windows.html",
        "regex": "The latest version is ([\\d.]+) compiled on"
    },
    "autoupdate": {
        "url": "https://www.di-mgt.com.au/src/base64-$version.zip",
        "hash": {
            "url": "https://www.di-mgt.com.au/base64-for-windows.html",
            "regex": "sha1=$sha1"
        }
    }
}
