{
    "version": "7.3.1",
    "description": "Developer tools for working with Google's bazel buildtool.",
    "homepage": "https://github.com/bazelbuild/buildtools",
    "license": "Apache-2.0",
    "suggest": {
        "bazel": "bazel"
    },
    "architecture": {
        "64bit": {
            "url": [
                "https://github.com/bazelbuild/buildtools/releases/download/v7.3.1/buildifier-windows-amd64.exe#/buildifier.exe",
                "https://github.com/bazelbuild/buildtools/releases/download/v7.3.1/buildozer-windows-amd64.exe#/buildozer.exe",
                "https://github.com/bazelbuild/buildtools/releases/download/v7.3.1/unused_deps-windows-amd64.exe#/unused_deps.exe"
            ],
            "hash": [
                "370cd576075ad29930a82f5de132f1a1de4084c784a82514bd4da80c85acf4a8",
                "58d41ce53257c5594c9bc86d769f580909269f68de114297f46284fbb9023dcf",
                "7075a28a1b34fefb1f54cc444d0be3d75282167b64adb7d9cae12c8fa2dc08bd"
            ]
        }
    },
    "bin": [
        "buildifier.exe",
        "buildozer.exe",
        "unused_deps.exe"
    ],
    "checkver": "github",
    "autoupdate": {
        "architecture": {
            "64bit": {
                "url": [
                    "https://github.com/bazelbuild/buildtools/releases/download/v$version/buildifier-windows-amd64.exe#/buildifier.exe",
                    "https://github.com/bazelbuild/buildtools/releases/download/v$version/buildozer-windows-amd64.exe#/buildozer.exe",
                    "https://github.com/bazelbuild/buildtools/releases/download/v$version/unused_deps-windows-amd64.exe#/unused_deps.exe"
                ]
            }
        }
    }
}
