{
    "version": "2024.11.1",
    "description": "The powerful command-line tool (CLI) to write and execute scripts on your Bitwarden vault.",
    "homepage": "https://bitwarden.com/",
    "license": "GPL-3.0-or-later",
    "architecture": {
        "64bit": {
            "url": "https://github.com/bitwarden/clients/releases/download/cli-v2024.11.1/bw-windows-2024.11.1.zip",
            "hash": "2dffb1f15117fff671196ca6350afd8859b6171af377b3e71bdf6a872fd411e7"
        }
    },
    "bin": "bw.exe",
    "checkver": {
        "url": "https://github.com/bitwarden/clients/releases.atom",
        "regex": "\\/cli-v([\\d.]+)<\\/id>"
    },
    "autoupdate": {
        "architecture": {
            "64bit": {
                "url": "https://github.com/bitwarden/clients/releases/download/cli-v$version/bw-windows-$version.zip",
                "hash": {
                    "url": "$baseurl/bw-windows-sha256-$version.txt"
                }
            }
        }
    }
}
