{
    "version": "2.8",
    "description": "IA-32 (x86) PC emulator",
    "homepage": "https://bochs.sourceforge.io/",
    "license": "LGPL-2.1-only",
    "architecture": {
        "64bit": {
            "url": "https://downloads.sourceforge.net/project/bochs/bochs/2.8/Bochs-win64-2.8.exe#/dl.7z",
            "hash": "sha1:32db6518b7b301e034a9319e8da2c7e8ef05417c"
        }
    },
    "bin": [
        "bochs.exe",
        "bochsdbg.exe",
        "bxhub.exe",
        "bximage.exe",
        "niclist.exe",
        "sb16ctrl.exe"
    ],
    "checkver": {
        "url": "http://bochs.sourceforge.net/getcurrent.html",
        "regex": "<b>Latest release:<\\/b> Bochs ([\\d.]+)"
    },
    "autoupdate": {
        "architecture": {
            "64bit": {
                "url": "https://downloads.sourceforge.net/project/bochs/bochs/$version/Bochs-win64-$version.exe#/dl.7z"
            }
        }
    }
}
