{
    "version": "1.86.0",
    "description": "Boost C++ Libraries",
    "homepage": "https://www.boost.org/",
    "license": "BSL-1.0",
    "architecture": {
        "64bit": {
            "url": "https://downloads.sourceforge.net/project/boost/boost-binaries/1.86.0/boost_1_86_0-msvc-14.3-64.exe",
            "hash": "sha1:8bc24e0d887dc126f3babf6b8d091e52cd675f53"
        },
        "32bit": {
            "url": "https://downloads.sourceforge.net/project/boost/boost-binaries/1.86.0/boost_1_86_0-msvc-14.3-32.exe",
            "hash": "sha1:43cf4575648376de84856a4beb3bef795e819946"
        }
    },
    "innosetup": true,
    "pre_install": "Get-ChildItem \"$dir/lib$($architecture.Substring(0, 2))-msvc-*.*\" | Rename-Item -NewName lib",
    "env_set": {
        "BOOST_ROOT": "$dir",
        "Boost_INCLUDE_DIR": "$dir\\boost"
    },
    "checkver": {
        "sourceforge": "boost/boost-binaries",
        "regex": "([\\d.]+)+/boost_(?:[\\d_]+)-msvc-(?<msvc>[\\d.]+)-64\\.exe"
    },
    "autoupdate": {
        "architecture": {
            "64bit": {
                "url": "https://downloads.sourceforge.net/project/boost/boost-binaries/$version/boost_$underscoreVersion-msvc-$matchMsvc-64.exe"
            },
            "32bit": {
                "url": "https://downloads.sourceforge.net/project/boost/boost-binaries/$version/boost_$underscoreVersion-msvc-$matchMsvc-32.exe"
            }
        }
    }
}
