{
    "version": "0.10.2",
    "description": "Graphical process/system monitor",
    "homepage": "https://clementtsang.github.io/bottom/",
    "license": "MIT",
    "architecture": {
        "64bit": {
            "url": "https://github.com/ClementTsang/bottom/releases/download/0.10.2/bottom_x86_64-pc-windows-msvc.zip",
            "hash": "1a6baa8e635efddbfd8a6fefb6dd65fe1731ac77e1064e24c8106f48e2abcd3d"
        },
        "32bit": {
            "url": "https://github.com/ClementTsang/bottom/releases/download/0.10.2/bottom_i686-pc-windows-msvc.zip",
            "hash": "d741c2b10a5fbbee0b3a968c6c5aebed839e854fcd8ca22d7f1096d6057d148c"
        }
    },
    "bin": "btm.exe",
    "checkver": {
        "github": "https://github.com/ClementTsang/bottom"
    },
    "autoupdate": {
        "architecture": {
            "64bit": {
                "url": "https://github.com/ClementTsang/bottom/releases/download/$version/bottom_x86_64-pc-windows-msvc.zip"
            },
            "32bit": {
                "url": "https://github.com/ClementTsang/bottom/releases/download/$version/bottom_i686-pc-windows-msvc.zip"
            }
        }
    }
}
