{
    "version": "0.18.1",
    "description": "Simple and secure remote access for any system from anywhere based on user identity",
    "homepage": "https://www.boundaryproject.io",
    "license": "MPL-2.0",
    "architecture": {
        "64bit": {
            "url": "https://releases.hashicorp.com/boundary/0.18.1/boundary_0.18.1_windows_amd64.zip",
            "hash": "be028efa39e9ac05dd70d8bdc4e5aacbca7310fbbe0dea14ee2c561db85b2a2c"
        },
        "32bit": {
            "url": "https://releases.hashicorp.com/boundary/0.18.1/boundary_0.18.1_windows_386.zip",
            "hash": "e087be6ac6ef7a8d2bf3e857e03d3c02c5e42c1ee8530d48f0ad13101502afbf"
        }
    },
    "bin": "boundary.exe",
    "checkver": {
        "url": "https://releases.hashicorp.com/boundary/",
        "regex": "boundary_([\\d.]+)</a>"
    },
    "autoupdate": {
        "architecture": {
            "64bit": {
                "url": "https://releases.hashicorp.com/boundary/$version/boundary_$version_windows_amd64.zip"
            },
            "32bit": {
                "url": "https://releases.hashicorp.com/boundary/$version/boundary_$version_windows_386.zip"
            }
        },
        "hash": {
            "url": "$baseurl/boundary_$version_SHA256SUMS"
        }
    }
}
