{
    "version": "1.44.2",
    "description": "A new way to see and navigate directory trees",
    "homepage": "https://dystroy.org/broot/",
    "license": "MIT",
    "architecture": {
        "64bit": {
            "url": "https://github.com/Canop/broot/releases/download/v1.44.2/broot_1.44.2.zip",
            "hash": "369d12a5a736e55dac6eed5fd8da41594d78d2ca455267a91c5eaefc2259f639",
            "extract_dir": "x86_64-pc-windows-gnu"
        }
    },
    "bin": "broot.exe",
    "checkver": {
        "github": "https://github.com/Canop/broot"
    },
    "autoupdate": {
        "architecture": {
            "64bit": {
                "url": "https://github.com/Canop/broot/releases/download/v$version/broot_$version.zip"
            }
        }
    }
}
