{
    "version": "1.47.2",
    "description": "A tool for working with Protocol Buffers APIs, offering a range of features not found in the standard protoc compiler.",
    "homepage": "https://buf.build/",
    "license": "Apache-2.0",
    "architecture": {
        "64bit": {
            "url": "https://github.com/bufbuild/buf/releases/download/v1.47.2/buf-Windows-x86_64.exe#/buf.exe",
            "hash": "42a1310377e7d0f0931ac9b5a073a531d9b843fe3045938c0d0ecc5d1f1ab93f"
        }
    },
    "bin": "buf.exe",
    "checkver": {
        "github": "https://github.com/bufbuild/buf"
    },
    "autoupdate": {
        "architecture": {
            "64bit": {
                "url": "https://github.com/bufbuild/buf/releases/download/v$version/buf-Windows-x86_64.exe#/buf.exe"
            }
        },
        "hash": {
            "url": "$baseurl/sha256.txt"
        }
    }
}
