{
    "version": "1.1.38",
    "description": "Incredibly fast JavaScript runtime, bundler, transpiler and package manager - all in one.",
    "homepage": "https://bun.sh/",
    "license": "MIT",
    "suggest": {
        "vcredist": "extras/vcredist2022"
    },
    "architecture": {
        "64bit": {
            "url": [
                "https://github.com/oven-sh/bun/releases/download/bun-v1.1.38/bun-windows-x64.zip",
                "https://github.com/oven-sh/bun/releases/download/bun-v1.1.38/bun-windows-x64-baseline.zip"
            ],
            "hash": [
                "52d6c588237c5a1071839dc20dc96f19ca9f8021b7757fa096d22927b0a44a8b",
                "27b4bcd308c62e3b5c620eb57bb9b3113335131682495c9afc5608604e922beb"
            ]
        }
    },
    "pre_install": [
        "$avx2 = Start-Job -ScriptBlock {",
        "    Add-Type -MemberDefinition '[DllImport(\"kernel32.dll\")] public static extern bool IsProcessorFeaturePresent(int ProcessorFeature);' -Name Kernel32 -Namespace Win32",
        "    return [Win32.Kernel32]::IsProcessorFeaturePresent(40)",
        "} | Receive-Job -Wait -AutoRemoveJob",
        "$target = 'bun-windows-x64'",
        "if (-not $avx2) {",
        "    $target += '-baseline'",
        "}",
        "Move-Item \"$dir\\$target\\bun.exe\" \"$dir\\bun.exe\"",
        "Remove-Item \"$dir\\bun-windows-*\" -Recurse"
    ],
    "bin": [
        "bun.exe",
        [
            "bun.exe",
            "bunx",
            "x"
        ]
    ],
    "checkver": {
        "github": "https://github.com/oven-sh/bun",
        "re": "bun-v([\\d.]+)"
    },
    "autoupdate": {
        "architecture": {
            "64bit": {
                "url": [
                    "https://github.com/oven-sh/bun/releases/download/bun-v$version/bun-windows-x64.zip",
                    "https://github.com/oven-sh/bun/releases/download/bun-v$version/bun-windows-x64-baseline.zip"
                ]
            }
        },
        "hash": {
            "url": "$baseurl/SHASUMS256.txt"
        }
    }
}
