{
    "version": "2024-11-26",
    "description": "CA certificates extracted from the Mozilla CA certificate store, in PEM format",
    "homepage": "https://curl.se/docs/caextract.html",
    "license": "MPL-2.0",
    "url": "https://curl.se/ca/cacert-2024-11-26.pem#/cacert.pem",
    "hash": "bb1782d281fe60d4a2dcf41bc229abe3e46c280212597d4abcc25bddf667739b",
    "post_install": "if (Test-Path \"$(appdir curl $global)\") { Copy-Item \"$dir\\cacert.pem\" \"$(appdir curl $global)\\current\\bin\\curl-ca-bundle.crt\" }",
    "checkver": "cacert-([\\d-]+)\\.pem",
    "autoupdate": {
        "url": "https://curl.se/ca/cacert-$version.pem#/cacert.pem",
        "hash": {
            "url": "$url.sha256",
            "regex": "$sha256"
        }
    }
}
