{
    "version": "2.8.4",
    "description": "HTTP/2 web server with automatic HTTPS",
    "homepage": "https://caddyserver.com",
    "license": "Apache-2.0",
    "architecture": {
        "64bit": {
            "url": "https://github.com/caddyserver/caddy/releases/download/v2.8.4/caddy_2.8.4_windows_amd64.zip",
            "hash": "sha512:89f8fc9ece9941a15a0981b3c69543d3b9b5fe095e747875a05fc1775d4d78d4505a7fe54a58d496dade601e85f6053a00a1b0382a781d3e8b6eec044384f6e6"
        },
        "arm64": {
            "url": "https://github.com/caddyserver/caddy/releases/download/v2.8.4/caddy_2.8.4_windows_arm64.zip",
            "hash": "sha512:543c06c5d9c2c0562b19f27692b2cda6c4ee898b79a4798dc562a0557fa833ba6f6e1401357afe7eb1b3699acaa1e602cc0fb3e9fcfc202479b18a63be2dff7b"
        }
    },
    "bin": "caddy.exe",
    "checkver": {
        "github": "https://github.com/caddyserver/caddy"
    },
    "autoupdate": {
        "architecture": {
            "64bit": {
                "url": "https://github.com/caddyserver/caddy/releases/download/v$version/caddy_$version_windows_amd64.zip"
            },
            "arm64": {
                "url": "https://github.com/caddyserver/caddy/releases/download/v$version/caddy_$version_windows_arm64.zip"
            }
        },
        "hash": {
            "url": "$baseurl/caddy_$version_checksums.txt"
        }
    }
}
