{
    "version": "1.10.16",
    "description": "Binary installation for rust projects",
    "homepage": "https://github.com/cargo-bins/cargo-binstall",
    "license": "GPL-3.0-only",
    "architecture": {
        "64bit": {
            "url": "https://github.com/cargo-bins/cargo-binstall/releases/download/v1.10.16/cargo-binstall-x86_64-pc-windows-msvc.zip",
            "hash": "e013c48c72909d705056f85dbe63f90ba91e62149d73c3616fe27427ac95fda6"
        },
        "arm64": {
            "url": "https://github.com/cargo-bins/cargo-binstall/releases/download/v1.10.16/cargo-binstall-aarch64-pc-windows-msvc.zip",
            "hash": "2c77442786044185b8eb2d61618710147ca9f20ea76c630d45fcc79163dca124"
        }
    },
    "bin": "cargo-binstall.exe",
    "checkver": {
        "github": "https://github.com/cargo-bins/cargo-binstall"
    },
    "autoupdate": {
        "architecture": {
            "64bit": {
                "url": "https://github.com/cargo-bins/cargo-binstall/releases/download/v$version/cargo-binstall-x86_64-pc-windows-msvc.zip"
            },
            "arm64": {
                "url": "https://github.com/cargo-bins/cargo-binstall/releases/download/v$version/cargo-binstall-aarch64-pc-windows-msvc.zip"
            }
        }
    }
}
