{
    "version": "0.43.0",
    "description": "Carvel vendir is a tool that makes it easy to vendor portions of git repos, github releases, helm charts, docker image contents, etc. declaratively",
    "homepage": "https://carvel.dev/vendir/",
    "license": "Apache-2.0",
    "notes": "See https://carvel.dev/vendir/#examples for some examples",
    "architecture": {
        "64bit": {
            "url": "https://github.com/vmware-tanzu/carvel-vendir/releases/download/v0.43.0/vendir-windows-amd64.exe#/vendir.exe",
            "hash": "6aa8183d0ba729e5f4132fbb11e63ba08f5cfbd4e3c3b299bdb142d61145ca1c"
        }
    },
    "bin": "vendir.exe",
    "checkver": {
        "github": "https://github.com/vmware-tanzu/carvel-vendir"
    },
    "autoupdate": {
        "architecture": {
            "64bit": {
                "url": "https://github.com/vmware-tanzu/carvel-vendir/releases/download/v$version/vendir-windows-amd64.exe#/vendir.exe",
                "hash": {
                    "url": "https://github.com/vmware-tanzu/carvel-vendir/releases",
                    "regex": "$sha256  \\./vendir-windows-amd64\\.exe"
                }
            }
        }
    }
}
