{
    "version": "1.13",
    "description": "Clozure Common Lisp",
    "homepage": "https://ccl.clozure.com/",
    "license": "Apache-2.0",
    "url": "https://github.com/Clozure/ccl/releases/download/v1.13/ccl-1.13-windowsx86.zip",
    "hash": "1ee7438ec648c3f577ea9f1216f57b130dab68e38fbd87a1a86d557f548a284a",
    "extract_dir": "ccl",
    "architecture": {
        "64bit": {
            "bin": [
                "wx86cl.exe",
                "wx86cl64.exe",
                [
                    "wx86cl.exe",
                    "ccl32"
                ],
                [
                    "wx86cl64.exe",
                    "ccl"
                ]
            ]
        },
        "32bit": {
            "bin": [
                "wx86cl.exe",
                "wx86cl64.exe",
                [
                    "wx86cl.exe",
                    "ccl"
                ],
                [
                    "wx86cl64.exe",
                    "ccl64"
                ]
            ]
        }
    },
    "checkver": {
        "github": "https://github.com/Clozure/ccl"
    },
    "autoupdate": {
        "url": "https://github.com/Clozure/ccl/releases/download/v$version/ccl-$version-windowsx86.zip"
    }
}
