{
    "version": "5.4.8",
    "description": "Language-agnostic real-time messaging server. Centrifugo supports at moment: Websocket and SockJS",
    "homepage": "https://centrifugal.dev",
    "license": "MIT",
    "architecture": {
        "64bit": {
            "url": "https://github.com/centrifugal/centrifugo/releases/download/v5.4.8/centrifugo_5.4.8_windows_amd64.zip",
            "hash": "20204c12534a2fbc20bcc68ee64f36d1fee4e4b3904df89bfeaa00c5b354c433"
        }
    },
    "bin": "centrifugo.exe",
    "checkver": {
        "github": "https://github.com/centrifugal/centrifugo"
    },
    "autoupdate": {
        "architecture": {
            "64bit": {
                "url": "https://github.com/centrifugal/centrifugo/releases/download/v$version/centrifugo_$version_windows_amd64.zip"
            }
        },
        "hash": {
            "url": "$baseurl/centrifugo_$version_checksums.txt"
        }
    }
}
