{
    "version": "1.14.5",
    "description": "Terminal graphics for the 21st century.",
    "homepage": "https://hpjansson.org/chafa/",
    "license": "LGPL-3.0-or-later",
    "architecture": {
        "64bit": {
            "url": "https://hpjansson.org/chafa/releases/static/chafa-1.14.5-1-x86_64-windows.zip",
            "hash": "570736a55cb6d9d7bf66048ae3c58ea9b1b7d05c98d41e53e1ed7f2fd26b7f02",
            "extract_dir": "chafa-1.14.5-1-x86_64-win"
        }
    },
    "bin": "chafa.exe",
    "checkver": {
        "url": "https://hpjansson.org/chafa/download/",
        "regex": "releases/static/chafa-([\\d.]+)-(?<rel>\\d)-x86_64-windows.zip"
    },
    "autoupdate": {
        "architecture": {
            "64bit": {
                "url": "https://hpjansson.org/chafa/releases/static/chafa-$version-$matchRel-x86_64-windows.zip",
                "extract_dir": "chafa-$version-$matchRel-x86_64-win"
            }
        }
    }
}
