{
    "version": "0.14.5",
    "homepage": "https://github.com/charmbracelet/gum",
    "description": "A tool for glamorous shell scripts 🎀.",
    "license": "MIT",
    "architecture": {
        "32bit": {
            "url": "https://github.com/charmbracelet/gum/releases/download/v0.14.5/gum_0.14.5_Windows_i386.zip",
            "hash": "d2700897434aa745ea43886eb34146ebe820cf13e13fac9b95addf5736a4042a",
            "extract_dir": "gum_0.14.5_Windows_i386"
        },
        "64bit": {
            "url": "https://github.com/charmbracelet/gum/releases/download/v0.14.5/gum_0.14.5_Windows_x86_64.zip",
            "hash": "d4f8b97b2b4d4e670b373141920a4897429d3f789ded54b32e1f7536634ede81",
            "extract_dir": "gum_0.14.5_Windows_x86_64"
        }
    },
    "bin": "gum.exe",
    "checkver": "github",
    "autoupdate": {
        "architecture": {
            "32bit": {
                "url": "https://github.com/charmbracelet/gum/releases/download/v$version/gum_$version_Windows_i386.zip",
                "extract_dir": "gum_$version_Windows_i386"
            },
            "64bit": {
                "url": "https://github.com/charmbracelet/gum/releases/download/v$version/gum_$version_Windows_x86_64.zip",
                "extract_dir": "gum_$version_Windows_x86_64"
            }
        },
        "hash": {
            "url": "$baseurl/checksums.txt",
            "regex": "($sha256).*?$basename"
        }
    }
}
