{
    "version": "2.55.0",
    "description": "Manage your dotfiles across multiple diverse machines, securely.",
    "homepage": "https://chezmoi.io",
    "license": "MIT",
    "architecture": {
        "64bit": {
            "url": "https://github.com/twpayne/chezmoi/releases/download/v2.55.0/chezmoi_2.55.0_windows_amd64.zip",
            "hash": "0901cf02480e913211ce809fcfbf0e572f98902393c8f2674df522c821029152"
        },
        "32bit": {
            "url": "https://github.com/twpayne/chezmoi/releases/download/v2.55.0/chezmoi_2.55.0_windows_i386.zip",
            "hash": "032f554efca5b68b1f0cf0be68c06cfbf6900628990ba192d4af75acc2d40664"
        },
        "arm64": {
            "url": "https://github.com/twpayne/chezmoi/releases/download/v2.55.0/chezmoi_2.55.0_windows_arm64.zip",
            "hash": "f8d166ce623b792dc7df89285dc55fee3149955481409ae5ebc26268989f23f8"
        }
    },
    "bin": "chezmoi.exe",
    "checkver": {
        "github": "https://github.com/twpayne/chezmoi/"
    },
    "autoupdate": {
        "architecture": {
            "64bit": {
                "url": "https://github.com/twpayne/chezmoi/releases/download/v$version/chezmoi_$version_windows_amd64.zip"
            },
            "32bit": {
                "url": "https://github.com/twpayne/chezmoi/releases/download/v$version/chezmoi_$version_windows_i386.zip"
            },
            "arm64": {
                "url": "https://github.com/twpayne/chezmoi/releases/download/v$version/chezmoi_$version_windows_arm64.zip"
            }
        },
        "hash": {
            "url": "$baseurl/checksums.txt",
            "regex": "$sha256\\s*$basename"
        }
    }
}
