{
    "version": "1.10.1",
    "description": "A fast TCP tunnel over HTTP",
    "homepage": "https://github.com/jpillora/chisel",
    "license": "MIT",
    "architecture": {
        "64bit": {
            "url": "https://github.com/jpillora/chisel/releases/download/v1.10.1/chisel_1.10.1_windows_amd64.gz",
            "hash": "42fd40bb0e6e8e0072a83f3a824de5045636c1cc8e3819daa3c9b7a985a2cc58"
        },
        "32bit": {
            "url": "https://github.com/jpillora/chisel/releases/download/v1.10.1/chisel_1.10.1_windows_386.gz",
            "hash": "9af93373a3cfb8a43dd857050d3b265b70270b23184ce7ae47674c69ca44fd3c"
        }
    },
    "bin": "chisel.exe",
    "checkver": "github",
    "autoupdate": {
        "architecture": {
            "64bit": {
                "url": "https://github.com/jpillora/chisel/releases/download/v$version/chisel_$version_windows_amd64.gz"
            },
            "32bit": {
                "url": "https://github.com/jpillora/chisel/releases/download/v$version/chisel_$version_windows_386.gz"
            }
        },
        "hash": {
            "url": "$baseurl/chisel_$version_checksums.txt"
        }
    }
}
