{
    "version": "2.14",
    "description": "Checks CPU Vendor, Model, Internal speed, and L1 cache mode settings.",
    "homepage": "http://web.inter.nl.net/hcc/J.Steunebrink/chkcpu.htm",
    "license": {
        "identifier": "Freeware",
        "url": "http://web.inter.nl.net/hcc/J.Steunebrink/chkcpu.htm"
    },
    "url": "http://web.inter.nl.net/hcc/J.Steunebrink/ckcpu215.zip",
    "hash": "f896e42cfef67bbac90c4c51eb9791401455ad9b02edbf65de05f84a96d88897",
    "bin": [
        "chkcpu32.exe",
        [
            "chkcpu32.exe",
            "chkcpu"
        ]
    ]
}
