{
    "version": "131.0.6778.108",
    "description": "An open source tool for automated testing of webapps across many browsers",
    "homepage": "https://chromedriver.chromium.org/",
    "license": "BSD-3-Clause",
    "architecture": {
        "64bit": {
            "url": "https://storage.googleapis.com/chrome-for-testing-public/131.0.6778.108/win64/chromedriver-win64.zip",
            "hash": "15df6caa99ba516596caeb696e87a034881c2e523c8362aa2e99e7ccdef4392b",
            "extract_dir": "chromedriver-win64"
        },
        "32bit": {
            "url": "https://storage.googleapis.com/chrome-for-testing-public/131.0.6778.108/win32/chromedriver-win32.zip",
            "hash": "171f77de3e47df5e000fbdcd82574cf2da35a0c4fba4f2e213fea7f4ac549018",
            "extract_dir": "chromedriver-win32"
        }
    },
    "bin": "chromedriver.exe",
    "checkver": {
        "url": "https://googlechromelabs.github.io/chrome-for-testing/last-known-good-versions-with-downloads.json",
        "jsonpath": "$.channels.Stable.version",
        "regex": "([\\d.]+)"
    },
    "autoupdate": {
        "architecture": {
            "64bit": {
                "url": "https://storage.googleapis.com/chrome-for-testing-public/$version/win64/chromedriver-win64.zip"
            },
            "32bit": {
                "url": "https://storage.googleapis.com/chrome-for-testing-public/$version/win32/chromedriver-win32.zip"
            }
        }
    }
}
