{
    "version": "0.1.31151",
    "description": "Set of CircleCI’s advanced and powerful tools.",
    "homepage": "https://circleci-public.github.io/circleci-cli/",
    "license": "MIT",
    "architecture": {
        "64bit": {
            "url": "https://github.com/CircleCI-Public/circleci-cli/releases/download/v0.1.31151/circleci-cli_0.1.31151_windows_amd64.zip",
            "hash": "8707fc967d14d0d9917fe137bb0e0db355725c0b32bc1643cb5d115e1093d119",
            "extract_dir": "circleci-cli_0.1.31151_windows_amd64"
        },
        "arm64": {
            "url": "https://github.com/CircleCI-Public/circleci-cli/releases/download/v0.1.31151/circleci-cli_0.1.31151_windows_arm64.zip",
            "hash": "162ce60a49f5e8079a21740e3f88f59ba6ab652a67f5ce34307aa1a46d8c8009",
            "extract_dir": "circleci-cli_0.1.31151_windows_arm64"
        }
    },
    "bin": "circleci.exe",
    "checkver": {
        "github": "https://github.com/CircleCI-Public/circleci-cli"
    },
    "autoupdate": {
        "architecture": {
            "64bit": {
                "url": "https://github.com/CircleCI-Public/circleci-cli/releases/download/v$version/circleci-cli_$version_windows_amd64.zip",
                "extract_dir": "circleci-cli_$version_windows_amd64"
            },
            "arm64": {
                "url": "https://github.com/CircleCI-Public/circleci-cli/releases/download/v$version/circleci-cli_$version_windows_arm64.zip",
                "extract_dir": "circleci-cli_$version_windows_arm64"
            }
        },
        "hash": {
            "url": "$baseurl/circleci-cli_$version_checksums.txt"
        }
    }
}
