{
    "version": "1.7.5",
    "description": "Powerful Bash-style command line editing for cmd.exe",
    "homepage": "https://chrisant996.github.io/clink/",
    "license": "GPL-3.0-only",
    "notes": [
        "Run 'clink inject' to start clink on the current cmd",
        "Run 'clink autorun install' to auto start clink"
    ],
    "url": "https://github.com/chrisant996/clink/releases/download/v1.7.5/clink.1.7.5.aee4f7.zip",
    "hash": "e1d1808229f3b4f6f8f887312c9f820645bf8479e56404aafdf77b2e35d9293a",
    "bin": "clink.bat",
    "checkver": {
        "github": "https://github.com/chrisant996/clink",
        "regex": "/v(?<tag>[\\d.]+)/clink\\.([\\d.]+)\\.(?<commit>[\\w.]+)\\.zip"
    },
    "autoupdate": {
        "url": "https://github.com/chrisant996/clink/releases/download/v$matchTag/clink.$version.$matchCommit.zip"
    }
}
