{
    "version": "0.9.0.1",
    "description": "Cut, copy, and paste anything, anywhere in the terminal",
    "homepage": "https://github.com/Slackadays/Clipboard",
    "license": "GPL-3.0-or-later",
    "architecture": {
        "64bit": {
            "url": "https://github.com/Slackadays/Clipboard/releases/download/0.9.0.1/clipboard-windows-amd64.zip",
            "hash": "fd7715f3a79b69d249027e3f7403438b7ff762c5f26aac8aa8226ff245101e5f"
        },
        "arm64": {
            "url": "https://github.com/Slackadays/Clipboard/releases/download/0.9.0.1/clipboard-windows-arm64.zip",
            "hash": "e058e19091f4d04a849e8385b87effd9ae55f7659cf15b3d0394b0e6144ffb1b"
        }
    },
    "extract_dir": "bin",
    "bin": "cb.exe",
    "checkver": "github",
    "autoupdate": {
        "architecture": {
            "64bit": {
                "url": "https://github.com/Slackadays/Clipboard/releases/download/$version/clipboard-windows-amd64.zip"
            },
            "arm64": {
                "url": "https://github.com/Slackadays/Clipboard/releases/download/$version/clipboard-windows-arm64.zip"
            }
        }
    }
}
