{
    "version": "2.02",
    "description": "Counts blank lines, comment lines, and physical lines of source code in many programming languages",
    "homepage": "https://github.com/AlDanial/cloc",
    "license": "GPL-2.0-only|Artistic-2.0",
    "url": "https://github.com/AlDanial/cloc/releases/download/v2.02/cloc-2.02.exe#/cloc.exe",
    "hash": "369ed76125f7399cd582d169adf39a2e08ae5066031fea0cc8b2836ea50e7ce2",
    "bin": "cloc.exe",
    "checkver": {
        "url": "https://github.com/AlDanial/cloc/releases",
        "regex": "/releases/tag/(?<prefix>v?)(?<version>[\\d.]+)"
    },
    "autoupdate": {
        "url": "https://github.com/AlDanial/cloc/releases/download/$matchPrefix$version/cloc-$version.exe#/cloc.exe"
    }
}
