{
    "version": "2024.12.1",
    "description": "Command-line client to interact with Cloudflare Tunnel, Cloudflare Access, start up a DNS over HTTPS resolver and more.",
    "homepage": "https://github.com/cloudflare/cloudflared",
    "license": "Apache-2.0",
    "architecture": {
        "64bit": {
            "url": "https://github.com/cloudflare/cloudflared/releases/download/2024.12.1/cloudflared-windows-amd64.exe#/cloudflared.exe",
            "hash": "420f10d23511d9288d9c7c13a917741b4637840be7530cb0fc86bf4428b470e8"
        },
        "32bit": {
            "url": "https://github.com/cloudflare/cloudflared/releases/download/2024.12.1/cloudflared-windows-386.exe#/cloudflared.exe",
            "hash": "b6e8354967b028c6dffc4088a28a9b78f034c81509f9ae4434d19b94660dc6c7"
        }
    },
    "bin": "cloudflared.exe",
    "checkver": "github",
    "autoupdate": {
        "architecture": {
            "64bit": {
                "url": "https://github.com/cloudflare/cloudflared/releases/download/$version/cloudflared-windows-amd64.exe#/cloudflared.exe"
            },
            "32bit": {
                "url": "https://github.com/cloudflare/cloudflared/releases/download/$version/cloudflared-windows-386.exe#/cloudflared.exe"
            }
        }
    }
}
