{
    "version": "3.31.2",
    "description": "Family of tools designed to build, test and package software",
    "homepage": "https://cmake.org",
    "license": "BSD-3-Clause",
    "architecture": {
        "64bit": {
            "url": "https://github.com/Kitware/CMake/releases/download/v3.31.2/cmake-3.31.2-windows-x86_64.zip",
            "hash": "109c29a744d648863d3637b4963c90088045c8d92799c68c9b9d8713407776c8",
            "extract_dir": "cmake-3.31.2-windows-x86_64"
        },
        "32bit": {
            "url": "https://github.com/Kitware/CMake/releases/download/v3.31.2/cmake-3.31.2-windows-i386.zip",
            "hash": "e497ed732e1381b9db1f8e58864cc0765bc1714b620470c8c7d36f30ad454784",
            "extract_dir": "cmake-3.31.2-windows-i386"
        },
        "arm64": {
            "url": "https://github.com/Kitware/CMake/releases/download/v3.31.2/cmake-3.31.2-windows-arm64.zip",
            "hash": "909b8c354a96dd261c395e29045e379a3fd41af81ae449c67e66550d59ed43ba",
            "extract_dir": "cmake-3.31.2-windows-arm64"
        }
    },
    "bin": [
        "bin\\cmake.exe",
        "bin\\cmcldeps.exe",
        "bin\\cpack.exe",
        "bin\\ctest.exe",
        "bin\\cmake-gui.exe"
    ],
    "shortcuts": [
        [
            "bin\\cmake-gui.exe",
            "cmake-gui"
        ]
    ],
    "checkver": {
        "url": "https://cmake.org/download/",
        "regex": "Latest Release \\(([\\d.]+)\\)"
    },
    "autoupdate": {
        "architecture": {
            "64bit": {
                "url": "https://github.com/Kitware/CMake/releases/download/v$version/cmake-$version-windows-x86_64.zip",
                "extract_dir": "cmake-$version-windows-x86_64"
            },
            "32bit": {
                "url": "https://github.com/Kitware/CMake/releases/download/v$version/cmake-$version-windows-i386.zip",
                "extract_dir": "cmake-$version-windows-i386"
            },
            "arm64": {
                "url": "https://github.com/Kitware/CMake/releases/download/v$version/cmake-$version-windows-arm64.zip",
                "extract_dir": "cmake-$version-windows-arm64"
            }
        },
        "hash": {
            "url": "$baseurl/cmake-$version-SHA-256.txt"
        }
    }
}
