{
    "version": "24.3.0",
    "description": "The SQL database for global cloud services",
    "homepage": "https://www.cockroachlabs.com/",
    "license": {
        "identifier": "Freeware,BSL-1.1,MIT,...",
        "url": "https://github.com/cockroachdb/cockroach/blob/master/LICENSE"
    },
    "architecture": {
        "64bit": {
            "url": "https://binaries.cockroachdb.com/cockroach-v24.3.0.windows-6.2-amd64.zip",
            "hash": "a2fd3ff39a5bbd6c13a9b2c9af708935fa7d9f83e2d742eef46b19bd08de7032",
            "extract_dir": "cockroach-v24.3.0.windows-6.2-amd64"
        }
    },
    "bin": "cockroach.exe",
    "checkver": {
        "url": "https://www.cockroachlabs.com/docs/stable/install-cockroachdb.html",
        "regex": "\"version-name\">v([\\d.]+)<"
    },
    "autoupdate": {
        "architecture": {
            "64bit": {
                "url": "https://binaries.cockroachdb.com/cockroach-v$version.windows-6.2-amd64.zip",
                "extract_dir": "cockroach-v$version.windows-6.2-amd64"
            }
        }
    }
}
