{
    "version": "2.17.2",
    "description": "Creates remote development machines so your team can develop from anywhere.",
    "homepage": "https://coder.com/",
    "license": "AGPL-3.0-or-later",
    "architecture": {
        "64bit": {
            "url": "https://github.com/coder/coder/releases/download/v2.17.2/coder_2.17.2_windows_amd64.zip",
            "hash": "7fc37a910ab4c4d82a050580e7a21488ebc04216d00de3509f08cd461d386de8"
        }
    },
    "bin": "coder.exe",
    "env_set": {
        "CODER_CONFIG_DIR": "$dir\\config"
    },
    "persist": "config",
    "checkver": {
        "github": "https://github.com/coder/coder"
    },
    "autoupdate": {
        "architecture": {
            "64bit": {
                "url": "https://github.com/coder/coder/releases/download/v$version/coder_$version_windows_amd64.zip"
            }
        },
        "hash": {
            "url": "$baseurl/coder_$version_checksums.txt"
        }
    }
}
