{
    "version": "7.12.0",
    "description": "Concourse CI/CD manager and controller",
    "homepage": "https://concourse-ci.org/fly.html",
    "license": "Apache-2.0",
    "architecture": {
        "64bit": {
            "url": "https://github.com/concourse/concourse/releases/download/v7.12.0/fly-7.12.0-windows-amd64.zip",
            "hash": "sha1:ec1a52a85c49959b7440be6b1c889425724e7692"
        }
    },
    "bin": "fly.exe",
    "checkver": {
        "github": "https://github.com/concourse/concourse"
    },
    "autoupdate": {
        "architecture": {
            "64bit": {
                "url": "https://github.com/concourse/concourse/releases/download/v$version/fly-$version-windows-amd64.zip"
            }
        },
        "hash": {
            "url": "$url.sha1"
        }
    }
}
