{
    "version": "1.20.1",
    "description": "Service Discovery and Configuration",
    "homepage": "https://www.consul.io",
    "license": "MPL-2.0",
    "architecture": {
        "64bit": {
            "url": "https://releases.hashicorp.com/consul/1.20.1/consul_1.20.1_windows_amd64.zip",
            "hash": "9b48a9404997d2b159ca5e5c6be257bfc5e8a46b0f157c50ae1d506782009024"
        },
        "32bit": {
            "url": "https://releases.hashicorp.com/consul/1.20.1/consul_1.20.1_windows_386.zip",
            "hash": "b0a4f5bb78b4789e8a96222919c676397c8946d80f03c8349ef5e86786635bbf"
        }
    },
    "bin": "consul.exe",
    "checkver": {
        "url": "https://releases.hashicorp.com/consul/",
        "regex": "consul_([\\d.]+)</a>"
    },
    "autoupdate": {
        "architecture": {
            "64bit": {
                "url": "https://releases.hashicorp.com/consul/$version/consul_$version_windows_amd64.zip"
            },
            "32bit": {
                "url": "https://releases.hashicorp.com/consul/$version/consul_$version_windows_386.zip"
            }
        },
        "hash": {
            "url": "$baseurl/consul_$version_SHA256SUMS"
        }
    }
}
