{
    "version": "2.0.0",
    "description": "An open and reliable container runtime",
    "homepage": "https://containerd.io",
    "license": "Apache-2.0",
    "architecture": {
        "64bit": {
            "url": "https://github.com/containerd/containerd/releases/download/v2.0.0/containerd-2.0.0-windows-amd64.tar.gz",
            "hash": "512ecb1b3162247136e6a6c21e90290c849f684fcf1215eda5740cb7868788e8"
        }
    },
    "bin": [
        "bin\\containerd.exe",
        "bin\\containerd-shim-runhcs-v1.exe",
        "bin\\ctr.exe"
    ],
    "checkver": {
        "github": "https://github.com/containerd/containerd"
    },
    "autoupdate": {
        "architecture": {
            "64bit": {
                "url": "https://github.com/containerd/containerd/releases/download/v$version/containerd-$version-windows-amd64.tar.gz"
            }
        },
        "hash": {
            "url": "$url.sha256sum"
        }
    },
    "notes": [
        "To register containerd as a service, run `containerd --register-service` as an elevated user",
        "To start the containerd service, run `Start-Service containerd` in PowerShell",
        "or `sc start containerd` in Cmd."
    ]
}
