{
    "version": "1.12.0",
    "description": "A DNS server/forwarder, that chains plugins.",
    "homepage": "https://coredns.io",
    "license": "Apache-2.0",
    "architecture": {
        "64bit": {
            "url": "https://github.com/coredns/coredns/releases/download/v1.12.0/coredns_1.12.0_windows_amd64.tgz",
            "hash": "a3c9cc025928192e27bd1cd2c7d9a59e6a666ed152fc5618f16255da9c3ac4a8"
        }
    },
    "bin": "coredns.exe",
    "checkver": {
        "github": "https://github.com/coredns/coredns"
    },
    "autoupdate": {
        "architecture": {
            "64bit": {
                "url": "https://github.com/coredns/coredns/releases/download/v$version/coredns_$version_windows_amd64.tgz"
            }
        },
        "hash": {
            "url": "$url.sha256"
        }
    }
}
