{
    "version": "2.4.1",
    "description": "Container Signing, Verification and Storage in an OCI registry.",
    "homepage": "https://github.com/sigstore/cosign",
    "license": "Apache-2.0",
    "architecture": {
        "64bit": {
            "url": "https://github.com/sigstore/cosign/releases/download/v2.4.1/cosign-windows-amd64.exe#/cosign.exe",
            "hash": "8d57f8a42a981d27290c4227271fa9f0f62ca6630eb4a21d316bd6b01405b87c"
        }
    },
    "bin": "cosign.exe",
    "checkver": "github",
    "autoupdate": {
        "architecture": {
            "64bit": {
                "url": "https://github.com/sigstore/cosign/releases/download/v$version/cosign-windows-amd64.exe#/cosign.exe"
            }
        },
        "hash": {
            "url": "$baseurl/cosign_checksums.txt",
            "regex": "(?im)^$sha256\\s+$basename$"
        }
    }
}
