{
    "version": "2.1.20",
    "description": "Pure Scala Artifact Fetching",
    "homepage": "https://github.com/coursier/coursier",
    "license": "Apache-2.0",
    "url": "https://github.com/coursier/coursier/releases/download/v2.1.20/coursier#/coursier.jar",
    "hash": "417711e975e9bc0feae6ba62f64bdeee1f205a9da33b644482a525fde910f410",
    "bin": "coursier.jar",
    "env_set": {
        "COURSIER_CACHE": "$dir\\cache",
        "COURSIER_BIN_DIR": "$dir\\bin"
    },
    "env_add_path": "bin",
    "persist": [
        "cache",
        "bin"
    ],
    "checkver": {
        "url": "https://github.com/coursier/coursier/releases",
        "regex": "tag/v([\\w\\.-]+)"
    },
    "autoupdate": {
        "url": "https://github.com/coursier/coursier/releases/download/v$version/coursier#/coursier.jar"
    }
}
