{
    "version": "2.44.0",
    "description": "Manages a local OpenShift 4.x cluster optimized for testing and development purposes.",
    "homepage": "https://code-ready.github.io/crc/",
    "license": "Apache-2.0",
    "notes": "To acquire a pull secret, visit: https://cloud.redhat.com/openshift/install/crc/installer-provisioned",
    "depends": "lessmsi",
    "architecture": {
        "64bit": {
            "url": "https://developers.redhat.com/content-gateway/rest/mirror/pub/openshift-v4/clients/crc/2.44.0/crc-windows-installer.zip",
            "hash": "9f55269d3b4657cf6139f27c8bd0baefe527e7a32901f56cb20c0aab257d6dfe",
            "pre_install": [
                "# The trailing backslash(\\) in $dir\\ is required by lessmsi.",
                "Invoke-ExternalCommand lessmsi -ArgumentList @('x', \"$dir\\crc-windows-amd64.msi\", \"$dir\\\") | Out-Null",
                "Copy-Item \"$dir\\SourceDir\\Red Hat OpenShift Local\\*\" \"$dir\" -Force -Recurse | Out-Null",
                "Remove-Item \"$dir\\SourceDir\" -Force -Recurse | Out-Null"
            ]
        }
    },
    "bin": "crc.exe",
    "checkver": {
        "url": "https://developers.redhat.com/content-gateway/rest/mirror/pub/openshift-v4/clients/crc/latest/release-info.json",
        "jsonpath": "$.version.crcVersion"
    },
    "autoupdate": {
        "architecture": {
            "64bit": {
                "url": "https://developers.redhat.com/content-gateway/rest/mirror/pub/openshift-v4/clients/crc/$matchHead/crc-windows-installer.zip"
            }
        },
        "hash": {
            "url": "$url.sha256"
        }
    }
}
