{
    "version": "0.11.0",
    "description": "CUE is an open source data constraint language which aims to simplify tasks involving defining and using data.",
    "homepage": "https://cuelang.org",
    "license": "Apache-2.0",
    "architecture": {
        "64bit": {
            "url": "https://github.com/cue-lang/cue/releases/download/v0.11.0/cue_v0.11.0_windows_amd64.zip",
            "hash": "aa58bc7e8623d6da6667de5d3774d8e665c5cb06db059dd071e2fa5e64492519"
        }
    },
    "bin": "cue.exe",
    "checkver": {
        "github": "https://github.com/cue-lang/cue"
    },
    "autoupdate": {
        "architecture": {
            "64bit": {
                "url": "https://github.com/cue-lang/cue/releases/download/v$version/cue_v$version_windows_amd64.zip"
            }
        },
        "hash": {
            "url": "$baseurl/checksums.txt"
        }
    }
}
