{
    "version": "8.11.0_4",
    "description": "Command line tool and library for transferring data with URLs",
    "homepage": "https://curl.se/",
    "license": "MIT",
    "architecture": {
        "64bit": {
            "url": "https://curl.se/windows/dl-8.11.0_4/curl-8.11.0_4-win64-mingw.tar.xz",
            "hash": "b4bbaa944744b2882c87ae2ab97c78214620c80ff3881f7f89b53dcc05b39d6d",
            "extract_dir": "curl-8.11.0_4-win64-mingw"
        },
        "32bit": {
            "url": "https://curl.se/windows/dl-8.11.0_4/curl-8.11.0_4-win32-mingw.tar.xz",
            "hash": "465e3f5719387fa2466bc25c17c1f85cc108948c2915ec163c44a64b4877e7e4",
            "extract_dir": "curl-8.11.0_4-win32-mingw"
        },
        "arm64": {
            "url": "https://curl.se/windows/dl-8.11.0_4/curl-8.11.0_4-win64a-mingw.tar.xz",
            "hash": "8bbb2e72f034a9737b9a15952e49fcb59d127d9db62c708083fb7a336eff21e0",
            "extract_dir": "curl-8.11.0_4-win64a-mingw"
        }
    },
    "bin": "bin\\curl.exe",
    "checkver": {
        "url": "https://curl.se/windows/",
        "regex": "Build<\\/b>:\\s+([\\d._]+)"
    },
    "autoupdate": {
        "architecture": {
            "64bit": {
                "url": "https://curl.se/windows/dl-$version/curl-$version-win64-mingw.tar.xz",
                "extract_dir": "curl-$version-win64-mingw"
            },
            "32bit": {
                "url": "https://curl.se/windows/dl-$version/curl-$version-win32-mingw.tar.xz",
                "extract_dir": "curl-$version-win32-mingw"
            },
            "arm64": {
                "url": "https://curl.se/windows/dl-$version/curl-$version-win64a-mingw.tar.xz",
                "extract_dir": "curl-$version-win64a-mingw"
            }
        },
        "hash": {
            "url": "$baseurl/hashes.txt",
            "regex": "SHA2-256\\($basename\\)=\\s+$sha256"
        }
    }
}
