{
    "version": "8.0.0",
    "description": "Tool to find duplicates, similar images and music.",
    "homepage": "https://github.com/qarmin/czkawka",
    "license": "MIT",
    "architecture": {
        "64bit": {
            "url": "https://github.com/qarmin/czkawka/releases/download/8.0.0/windows_czkawka_cli.exe#/czkawka.exe",
            "hash": "1e4dac49d6e9f11a1b375926966b08d0542dea59f83b9e8195c12411dbbf3502"
        }
    },
    "bin": [
        "czkawka.exe",
        [
            "czkawka.exe",
            "windows_czkawka_cli"
        ]
    ],
    "checkver": "github",
    "autoupdate": {
        "architecture": {
            "64bit": {
                "url": "https://github.com/qarmin/czkawka/releases/download/$version/windows_czkawka_cli.exe#/czkawka.exe"
            }
        }
    }
}
