{
    "version": "1.14.1",
    "description": "Command-line tools for Dapr",
    "homepage": "https://github.com/dapr/cli",
    "license": "Apache-2.0",
    "architecture": {
        "64bit": {
            "url": "https://github.com/dapr/cli/releases/download/v1.14.1/dapr_windows_amd64.zip",
            "hash": "235307ef6094b4eba57e03f86fff0759d86049282b26152c390c9b82e74f12c0"
        }
    },
    "bin": "dapr.exe",
    "checkver": "github",
    "autoupdate": {
        "architecture": {
            "64bit": {
                "url": "https://github.com/dapr/cli/releases/download/v$version/dapr_windows_amd64.zip"
            }
        },
        "hash": {
            "url": "$url.sha256"
        }
    }
}
