{
    "version": "3.5.4",
    "description": "SDK for the Dart programming language",
    "homepage": "https://dart.dev/",
    "license": "BSD-3-Clause",
    "extract_dir": "dart-sdk",
    "env_add_path": "bin",
    "architecture": {
        "64bit": {
            "url": "https://storage.googleapis.com/dart-archive/channels/stable/release/3.5.4/sdk/dartsdk-windows-x64-release.zip",
            "hash": "f506de8f479a0da9fb6f5d3bc4c8daa5a850fc766d1919bd426feff1e1d5f245"
        },
        "32bit": {
            "url": "https://storage.googleapis.com/dart-archive/channels/stable/release/3.5.4/sdk/dartsdk-windows-ia32-release.zip",
            "hash": "fa08e0c7957c3b56986a22c85bb406f060df8ec7f3332cbbf0b04dc6e5ce3678"
        }
    },
    "checkver": {
        "url": "https://storage.googleapis.com/dart-archive/channels/stable/release/latest/VERSION",
        "jsonpath": "$.version"
    },
    "autoupdate": {
        "architecture": {
            "64bit": {
                "url": "https://storage.googleapis.com/dart-archive/channels/stable/release/$version/sdk/dartsdk-windows-x64-release.zip"
            },
            "32bit": {
                "url": "https://storage.googleapis.com/dart-archive/channels/stable/release/$version/sdk/dartsdk-windows-ia32-release.zip"
            }
        },
        "hash": {
            "url": "$url.sha256sum"
        }
    }
}
