{
    "version": "3.6.8",
    "description": "DCMTK is a collection of libraries and applications implementing large parts the DICOM standard.",
    "homepage": "https://dcmtk.org/en/dcmtk/",
    "license": "BSD-3-Clause",
    "architecture": {
        "32bit": {
            "url": "https://dicom.offis.de/download/dcmtk/dcmtk368/bin/dcmtk-3.6.8-win32-dynamic.zip",
            "hash": "8dc7d6cca39e2c5d6317ab2ab29ad507a74cb31d3ee5f05dc9e43564d3fa189a",
            "extract_dir": "dcmtk-3.6.8-win32-dynamic"
        },
        "64bit": {
            "url": "https://dicom.offis.de/download/dcmtk/dcmtk368/bin/dcmtk-3.6.8-win64-dynamic.zip",
            "hash": "cbdf9fab92f3e7c3aad9f463a84a65691826df8d064c2832c495533319db4fd9",
            "extract_dir": "dcmtk-3.6.8-win64-dynamic"
        }
    },
    "env_add_path": "./bin/",
    "checkver": {
        "url": "https://dicom.offis.de/download/dcmtk/current/",
        "regex": "dcmtk-([\\d\\.]+)\\.zip"
    },
    "autoupdate": {
        "architecture": {
            "32bit": {
                "url": "https://dicom.offis.de/download/dcmtk/dcmtk$cleanVersion/bin/dcmtk-$version-win32-dynamic.zip",
                "extract_dir": "dcmtk-$version-win32-dynamic"
            },
            "64bit": {
                "url": "https://dicom.offis.de/download/dcmtk/dcmtk$cleanVersion/bin/dcmtk-$version-win64-dynamic.zip",
                "extract_dir": "dcmtk-$version-win64-dynamic"
            }
        }
    }
}
