{
    "version": "1.24.1",
    "description": "An open source tool that makes it simple to get local PHP development environments up and running in minutes",
    "homepage": "https://ddev.readthedocs.io/en/latest/",
    "license": "Apache-2.0",
    "suggest": {
        "docker": "docker-compose"
    },
    "architecture": {
        "64bit": {
            "url": "https://github.com/drud/ddev/releases/download/v1.24.1/ddev_windows-amd64.v1.24.1.zip",
            "hash": "7f7a192a6ae565eb693831b8fe8fda407ea6a41a06b4fd1e7cc16520e29c9709"
        }
    },
    "bin": "ddev.exe",
    "checkver": {
        "github": "https://github.com/drud/ddev"
    },
    "autoupdate": {
        "architecture": {
            "64bit": {
                "url": "https://github.com/drud/ddev/releases/download/v$version/ddev_windows-amd64.v$version.zip"
            }
        },
        "hash": {
            "url": "$baseurl/checksums.txt"
        }
    }
}
