{
    "version": "0.69.0",
    "description": "Blazing fast linter for JavaScript and TypeScript written in Rust",
    "homepage": "https://lint.deno.land/",
    "license": "MIT",
    "suggest": {
        "vcredist": "extras/vcredist2022"
    },
    "architecture": {
        "64bit": {
            "url": "https://github.com/denoland/deno_lint/releases/download/0.69.0/dlint-x86_64-pc-windows-msvc.zip",
            "hash": "5c5ff00d25d1adffaa393a0016e4d96f44cd35692a09620d4f2405dadeb37d8e"
        }
    },
    "bin": "dlint.exe",
    "checkver": {
        "github": "https://github.com/denoland/deno_lint"
    },
    "autoupdate": {
        "architecture": {
            "64bit": {
                "url": "https://github.com/denoland/deno_lint/releases/download/$version/dlint-x86_64-pc-windows-msvc.zip"
            }
        }
    }
}
