{
    "version": "2.1.3",
    "description": "A secure runtime for JavaScript and TypeScript",
    "homepage": "https://deno.land",
    "license": "MIT",
    "architecture": {
        "64bit": {
            "url": "https://github.com/denoland/deno/releases/download/v2.1.3/deno-x86_64-pc-windows-msvc.zip",
            "hash": "64afa4d4469cde7d1fdb47f7552c14298ea79a5fa4191949fb768913e4f3a2c1"
        }
    },
    "bin": "deno.exe",
    "checkver": {
        "github": "https://github.com/denoland/deno"
    },
    "autoupdate": {
        "architecture": {
            "64bit": {
                "url": "https://github.com/denoland/deno/releases/download/v$version/deno-x86_64-pc-windows-msvc.zip"
            }
        }
    }
}
