{
    "version": "11.1.1",
    "description": "Software composition analysis utility that identifies project dependencies and checks if there are any known, publicly disclosed, vulnerabilities.",
    "homepage": "https://owasp.org/www-project-dependency-check/",
    "license": "Apache-2.0",
    "suggest": {
        "JDK": "java/openjdk"
    },
    "url": "https://github.com/jeremylong/DependencyCheck/releases/download/v11.1.1/dependency-check-11.1.1-release.zip",
    "hash": "16f1c9de836a4e7353646d839cce36f0cfaf8db8d834b9eff9976b0854c9c423",
    "extract_dir": "dependency-check",
    "bin": "bin\\dependency-check.bat",
    "checkver": {
        "url": "https://jeremylong.github.io/DependencyCheck/current.txt",
        "regex": "(.+)"
    },
    "autoupdate": {
        "url": "https://github.com/jeremylong/DependencyCheck/releases/download/v$version/dependency-check-$version-release.zip"
    }
}
