{
    "version": "1.3.3-beta",
    "description": "Command line interface for managing Deta micros and deployments",
    "homepage": "https://deta.sh/",
    "license": "MIT",
    "notes": "The Deta CLI for Deta Cloud has been deprecated. See https://deta.space/migration/introduction for more information.",
    "architecture": {
        "64bit": {
            "url": "https://github.com/deta/deta-cli/releases/download/v1.3.3-beta/deta-x86_64-windows.zip",
            "hash": "9959b0a59b79677092e06e4966fc0be03806271365607dfc823ce23d9037ebac"
        }
    },
    "bin": "deta.exe"
}
