{
    "version": "1.23.7",
    "description": "A static code analysis tool for the Kotlin programming language",
    "homepage": "https://github.com/detekt/detekt",
    "license": "Apache-2.0",
    "suggest": {
        "JDK": [
            "java/oraclejdk",
            "java/openjdk"
        ]
    },
    "url": "https://github.com/detekt/detekt/releases/download/v1.23.7/detekt-cli-1.23.7.zip",
    "hash": "a641ecd392251336f8a1b7e1192acb603e47e04cbbb994aa3541c5fa9fc0bc87",
    "extract_dir": "detekt-cli-1.23.7",
    "bin": [
        [
            "bin\\detekt-cli.bat",
            "detekt"
        ]
    ],
    "checkver": {
        "url": "https://api.github.com/repositories/71729669/releases",
        "regex": "detekt-cli-(?<version>[\\d.]+)\\.zip"
    },
    "autoupdate": {
        "url": "https://github.com/detekt/detekt/releases/download/v$version/detekt-cli-$version.zip",
        "extract_dir": "detekt-cli-$version"
    }
}
