{
    "version": "1.42.0",
    "description": "Command-line tooling for the Dhall configuration language",
    "homepage": "https://dhall-lang.org",
    "license": "BSD-3-Clause",
    "architecture": {
        "64bit": {
            "url": "https://github.com/dhall-lang/dhall-haskell/releases/download/1.42.0/dhall-1.42.0-x86_64-windows.zip",
            "hash": "2d48476626439d2a11c8ed388806064c5d6c338caeec49c83bee0857e0d980d6"
        }
    },
    "bin": "bin\\dhall.exe",
    "checkver": {
        "github": "https://github.com/dhall-lang/dhall-haskell"
    },
    "autoupdate": {
        "architecture": {
            "64bit": {
                "url": "https://github.com/dhall-lang/dhall-haskell/releases/download/$version/dhall-$version-x86_64-windows.zip"
            }
        }
    }
}
