{
    "version": "0.61.0",
    "description": "A structural diff that understands syntax",
    "homepage": "https://difftastic.wilfred.me.uk",
    "license": "MIT",
    "architecture": {
        "64bit": {
            "url": "https://github.com/Wilfred/difftastic/releases/download/0.61.0/difft-x86_64-pc-windows-msvc.zip",
            "hash": "f2c8151b8bb03b17fe7314834e7a24e35f8fc2c2b1b18bd9c022ef68b21439d9"
        }
    },
    "bin": "difft.exe",
    "checkver": {
        "github": "https://github.com/Wilfred/difftastic"
    },
    "autoupdate": {
        "architecture": {
            "64bit": {
                "url": "https://github.com/Wilfred/difftastic/releases/download/$version/difft-x86_64-pc-windows-msvc.zip"
            }
        }
    }
}
