{
    "version": "2.35.0",
    "description": "load or unload environment variables depending on the current directory",
    "homepage": "https://direnv.net",
    "license": "MIT",
    "architecture": {
        "64bit": {
            "url": "https://github.com/direnv/direnv/releases/download/v2.35.0/direnv.windows-amd64.exe#/direnv.exe",
            "hash": "f342c92f3500b71172ba39ad4fac91774971fbb499985543a558871761282f6d"
        },
        "32bit": {
            "url": "https://github.com/direnv/direnv/releases/download/v2.35.0/direnv.windows-386.exe#/direnv.exe",
            "hash": "91b76d28b0c7d9e9b1bb10fcc8c7e1244b784b90c836691f4d160177e1d42123"
        }
    },
    "bin": "direnv.exe",
    "checkver": {
        "github": "https://github.com/direnv/direnv"
    },
    "autoupdate": {
        "architecture": {
            "64bit": {
                "url": "https://github.com/direnv/direnv/releases/download/v$version/direnv.windows-amd64.exe#/direnv.exe"
            },
            "32bit": {
                "url": "https://github.com/direnv/direnv/releases/download/v$version/direnv.windows-386.exe#/direnv.exe"
            }
        }
    }
}
