{
    "version": "0.12.0",
    "description": "A tool for exploring each layer in a docker image.",
    "homepage": "https://github.com/wagoodman/dive/",
    "license": "MIT",
    "architecture": {
        "64bit": {
            "url": "https://github.com/wagoodman/dive/releases/download/v0.12.0/dive_0.12.0_windows_amd64.zip",
            "hash": "b60d750852543e5a4b38c42590e2036aa2a8026cdb14d835090399f5e1312192"
        }
    },
    "bin": "dive.exe",
    "checkver": "github",
    "autoupdate": {
        "architecture": {
            "64bit": {
                "url": "https://github.com/wagoodman/dive/releases/download/v$version/dive_$version_windows_amd64.zip"
            }
        },
        "hash": {
            "url": "$baseurl/dive_$version_checksums.txt"
        }
    }
}
