{
    "version": "0.19.2",
    "description": "Docker CLI plugin for extended build capabilities with BuildKit",
    "homepage": "https://github.com/docker/buildx",
    "license": "Apache-2.0",
    "architecture": {
        "64bit": {
            "url": "https://github.com/docker/buildx/releases/download/v0.19.2/buildx-v0.19.2.windows-amd64.exe#/docker-buildx.exe",
            "hash": "6b13e5bdd8a40548886b69cc94716ff2f9a06db513983a0f158f80a3f2486432"
        },
        "arm64": {
            "url": "https://github.com/docker/buildx/releases/download/v0.19.2/buildx-v0.19.2.windows-arm64.exe#/docker-buildx.exe",
            "hash": "bb6b48d26f571600f1ab764772319fd174c7b50560cdc050055fe2e97388ae76"
        }
    },
    "bin": "docker-buildx.exe",
    "post_install": [
        "$docker_plugin_dir=(Join-Path $Env:USERPROFILE .docker/cli-plugins)",
        "if ($global) {",
        "  $docker_plugin_dir=(Join-Path $Env:ProgramData Docker/cli-plugins)",
        "  echo \"INFO: docker-buildx will be installed to global directory $docker_plugin_dir\"",
        "}",
        "echo 'Installing docker-buildx as docker-cli plugin...'",
        "New-Item -ItemType Directory -Force $docker_plugin_dir | Out-Null",
        "Copy-Item (Join-Path $original_dir docker-buildx.exe) (Join-Path $docker_plugin_dir docker-buildx.exe)"
    ],
    "post_uninstall": [
        "$docker_plugin_dir=(Join-Path $Env:USERPROFILE .docker/cli-plugins)",
        "if ($global) {",
        "  $docker_plugin_dir=(Join-Path $Env:ProgramData Docker/cli-plugins)",
        "}",
        "Remove-Item -Force (Join-Path $docker_plugin_dir docker-buildx.exe)"
    ],
    "checkver": {
        "github": "https://github.com/docker/buildx"
    },
    "autoupdate": {
        "architecture": {
            "64bit": {
                "url": "https://github.com/docker/buildx/releases/download/v$version/buildx-v$version.windows-amd64.exe#/docker-buildx.exe"
            },
            "arm64": {
                "url": "https://github.com/docker/buildx/releases/download/v$version/buildx-v$version.windows-arm64.exe#/docker-buildx.exe"
            }
        },
        "hash": {
            "url": "https://github.com/docker/buildx/releases/download/v$version/checksums.txt"
        }
    }
}
