{
    "version": "27.4.0",
    "description": "Docker CLI & Docker Engine for Windows containers. Docker is an open platform for developing, shipping, and running applications.",
    "homepage": "https://docs.docker.com/engine",
    "license": "Apache-2.0",
    "architecture": {
        "64bit": {
            "url": "https://download.docker.com/win/static/stable/x86_64/docker-27.4.0.zip",
            "hash": "afe80ee73916f577ae2603b05a707991d966be2b05382503b7ee07ef3d503c67"
        }
    },
    "extract_dir": "docker",
    "bin": [
        "docker.exe",
        "dockerd.exe"
    ],
    "checkver": {
        "github": "https://github.com/moby/moby"
    },
    "autoupdate": {
        "architecture": {
            "64bit": {
                "url": "https://download.docker.com/win/static/stable/x86_64/docker-$version.zip"
            }
        }
    },
    "notes": [
        "The 'dockerd' binary here only supports running Windows containers.",
        "However it is possible to connect to existing Linux containers using the 'docker' binary",
        "To register Docker as a service, run `dockerd --register-service`",
        "Similarly, to unregister, run `dockerd --unregister-service`"
    ]
}
