{
    "version": "1.15",
    "description": "Simple command line utility for converting .doc & .xls files to any supported format.",
    "homepage": "https://github.com/tobya/DocTo",
    "license": "MIT",
    "notes": "Must have Microsoft Word, Excel or PowerPoint installed on host machine.",
    "architecture": {
        "64bit": {
            "url": "https://github.com/tobya/DocTo/releases/download/v1.15/docto_64.zip",
            "hash": "eda07478adf484afff3d51e7441cf5b50897513f95c1590b4e8525ec0afe6dee"
        },
        "32bit": {
            "url": "https://github.com/tobya/DocTo/releases/download/v1.15/docto_32.zip",
            "hash": "00e9ae2027724c829ff4e7d1d0a40c3d29e13584792a82289da50543be292550"
        }
    },
    "bin": "docto.exe",
    "checkver": "github",
    "autoupdate": {
        "architecture": {
            "64bit": {
                "url": "https://github.com/tobya/DocTo/releases/download/v$version/docto_64.zip"
            },
            "32bit": {
                "url": "https://github.com/tobya/DocTo/releases/download/v$version/docto_32.zip"
            }
        }
    }
}
