{
    "version": "1.119.1",
    "description": "A command line tool for DigitalOcean services",
    "homepage": "https://github.com/digitalocean/doctl",
    "license": "Apache-2.0",
    "architecture": {
        "64bit": {
            "url": "https://github.com/digitalocean/doctl/releases/download/v1.119.1/doctl-1.119.1-windows-amd64.zip",
            "hash": "dd237567cf4cab9b1bc758cfa8a565a72a61c79541d057148d0fc20636e52acc"
        },
        "32bit": {
            "url": "https://github.com/digitalocean/doctl/releases/download/v1.119.1/doctl-1.119.1-windows-386.zip",
            "hash": "4a135df7dfe38ccb3baccefe528b8a09ac31be9c0e8c1a61b5305ea2d43c84c0"
        },
        "arm64": {
            "url": "https://github.com/digitalocean/doctl/releases/download/v1.119.1/doctl-1.119.1-windows-arm64.zip",
            "hash": "364b8713ed6d74ed49bc29f887633ee1d77670c83fdf33b5ed81c2e9fa1b825d"
        }
    },
    "bin": "doctl.exe",
    "checkver": "github",
    "autoupdate": {
        "architecture": {
            "64bit": {
                "url": "https://github.com/digitalocean/doctl/releases/download/v$version/doctl-$version-windows-amd64.zip"
            },
            "32bit": {
                "url": "https://github.com/digitalocean/doctl/releases/download/v$version/doctl-$version-windows-386.zip"
            },
            "arm64": {
                "url": "https://github.com/digitalocean/doctl/releases/download/v$version/doctl-$version-windows-arm64.zip"
            }
        },
        "hash": {
            "url": "$baseurl/doctl-$version-checksums.sha256"
        }
    }
}
