{
    "version": "1.0.5",
    "description": "Command-line DNS Client for Humans",
    "homepage": "https://doggo.mrkaran.dev/",
    "license": "GPL-3.0-only",
    "architecture": {
        "64bit": {
            "url": "https://github.com/mr-karan/doggo/releases/download/v1.0.5/doggo_1.0.5_Windows_x86_64.zip",
            "hash": "2dff0f18b26ae712ce6bfc89cc0290124465c0bba327f5157839fbebd5bae062",
            "extract_dir": "doggo_1.0.5_Windows_x86_64"
        },
        "32bit": {
            "url": "https://github.com/mr-karan/doggo/releases/download/v1.0.5/doggo_1.0.5_Windows_i386.zip",
            "hash": "824dc71f9093f0df4b19f56cff72cd89cb49011829e3278eb9cda231134c82e0",
            "extract_dir": "doggo_1.0.5_Windows_i386"
        }
    },
    "bin": "doggo.exe",
    "checkver": {
        "github": "https://github.com/mr-karan/doggo"
    },
    "autoupdate": {
        "architecture": {
            "64bit": {
                "url": "https://github.com/mr-karan/doggo/releases/download/v$version/doggo_$version_Windows_x86_64.zip",
                "extract_dir": "doggo_$version_Windows_x86_64"
            },
            "32bit": {
                "url": "https://github.com/mr-karan/doggo/releases/download/v$version/doggo_$version_Windows_i386.zip",
                "extract_dir": "doggo_$version_Windows_i386"
            }
        },
        "hash": {
            "url": "$baseurl/doggo_$version_checksums.txt"
        }
    }
}
