{
    "version": "1.9.20",
    "description": "Documentation Engine for Kotlin.",
    "homepage": "https://github.com/Kotlin/dokka/",
    "license": "Apache-2.0",
    "suggest": {
        "JDK": "java/openjdk"
    },
    "url": "https://repo1.maven.org/maven2/org/jetbrains/dokka/dokka-cli/1.9.20/dokka-cli-1.9.20.jar#/dokka.jar",
    "hash": "6e0fb99c6cb4889c14f6605c8112fb5fddcecaf81929bd6097f2b7ff12d178fd",
    "bin": "dokka.jar",
    "checkver": "github",
    "autoupdate": {
        "url": "https://repo1.maven.org/maven2/org/jetbrains/dokka/dokka-cli/$version/dokka-cli-$version.jar#/dokka.jar",
        "hash": {
            "url": "https://repo1.maven.org/maven2/org/jetbrains/dokka/dokka-cli/$version/dokka-cli-$version.jar.sha256",
            "regex": "$sha256"
        }
    }
}
