{
    "homepage": "https://github.com/dolthub/dolt",
    "license": "Apache-2.0",
    "description": "Dolt is a SQL database that you can fork, clone, branch, merge, push and pull just like a git repository.",
    "version": "1.44.1",
    "architecture": {
        "64bit": {
            "url": "https://github.com/dolthub/dolt/releases/download/v1.44.1/dolt-windows-amd64.zip",
            "hash": "82e8ae7c20b2ab7790b839e4e7e25ecc1690a96ec88823cb3f5f7fa447aeb42f"
        }
    },
    "extract_dir": "dolt-windows-amd64",
    "bin": "bin\\dolt.exe",
    "checkver": "github",
    "autoupdate": {
        "architecture": {
            "64bit": {
                "url": "https://github.com/dolthub/dolt/releases/download/v$version/dolt-windows-amd64.zip"
            }
        }
    }
}
