{
    "version": "2024.3",
    "description": "JetBrains dotCover Command Line Tools that enable analysing code coverage outside of Visual Studio.",
    "homepage": "https://www.jetbrains.com/dotcover/download/#section=commandline",
    "license": {
        "identifier": "Freeware",
        "url": "https://www.jetbrains.com/legal/docs/toolbox/user"
    },
    "architecture": {
        "64bit": {
            "url": "https://download.jetbrains.com/resharper/dotUltimate.2024.3/JetBrains.dotCover.CommandLineTools.windows-x64.2024.3.zip",
            "hash": "8d5a411fe6d9f152b15f92c9afcbb6dd97cb61012c41542d0e899ce565a40526"
        },
        "32bit": {
            "url": "https://download.jetbrains.com/resharper/dotUltimate.2024.3/JetBrains.dotCover.CommandLineTools.windows-x86.2024.3.zip",
            "hash": "dbdde189167eacb0f5400dcda178ad8ea8e09ad7a7864b937c6fc764ca3cbb5d"
        },
        "arm64": {
            "url": "https://download.jetbrains.com/resharper/dotUltimate.2024.3/JetBrains.dotCover.CommandLineTools.windows-arm64.2024.3.zip",
            "hash": "64d28f1872080cfd679178d9230e582d19af96fd0ecc7e9c4ebcc09998911668"
        }
    },
    "bin": "dotCover.exe",
    "checkver": {
        "url": "https://data.services.jetbrains.com/products/releases?code=DCCLT&latest=true&platform=zip&type=release",
        "jsonpath": "$..version"
    },
    "autoupdate": {
        "architecture": {
            "64bit": {
                "url": "https://download.jetbrains.com/resharper/dotUltimate.$version/JetBrains.dotCover.CommandLineTools.windows-x64.$version.zip"
            },
            "32bit": {
                "url": "https://download.jetbrains.com/resharper/dotUltimate.$version/JetBrains.dotCover.CommandLineTools.windows-x86.$version.zip"
            },
            "arm64": {
                "url": "https://download.jetbrains.com/resharper/dotUltimate.$version/JetBrains.dotCover.CommandLineTools.windows-arm64.$version.zip"
            }
        },
        "hash": {
            "url": "$url.sha256"
        }
    }
}
