{
    "version": "9.0.101",
    "description": ".NET is a free, cross-platform, open source developer platform for building many different types of applications.",
    "homepage": "https://www.microsoft.com/net/",
    "license": "MIT",
    "suggest": {
        "vcredist": "extras/vcredist2022"
    },
    "architecture": {
        "64bit": {
            "url": "https://dotnetcli.azureedge.net/dotnet/Sdk/9.0.101/dotnet-sdk-9.0.101-win-x64.zip",
            "hash": "sha512:53f16be2079ed85d230a6c98fa9220046930ca0eaaf1f928b63cfae9fd9a0a5ad87c60c07833ee16dedfa582ce5d9ae68b5b4292aec56fd44203fe9e7bcfba92"
        },
        "32bit": {
            "url": "https://dotnetcli.azureedge.net/dotnet/Sdk/9.0.101/dotnet-sdk-9.0.101-win-x86.zip",
            "hash": "sha512:c04a7c2601d2d21678f2f9833973bf9b687156520044f13d7092c77331f6e29fcad808443d6001aec1f76233990e523aeaf3516b0084603a848da934f3e78d6d"
        },
        "arm64": {
            "url": "https://dotnetcli.azureedge.net/dotnet/Sdk/9.0.101/dotnet-sdk-9.0.101-win-arm64.zip",
            "hash": "sha512:a14fec6786c28523795f98c074ca8da972860134e3549f5be20c1bf41a0b8b946f3ea1251196c356d4d869591a333203401d08323ba9e498fe8e6a5bde1e3011"
        }
    },
    "env_add_path": ".",
    "env_set": {
        "DOTNET_ROOT": "$dir",
        "MSBuildSDKsPath": "$dir\\sdk\\$version\\Sdks"
    },
    "pre_uninstall": "info 'If the uninstall fails with a message saying that access is denied, you may need to log out of your current account, log back in and try again.'",
    "checkver": {
        "url": "https://dotnetcli.blob.core.windows.net/dotnet/release-metadata/releases-index.json",
        "jsonpath": "$..releases-index[?(@.support-phase == 'active')].latest-sdk",
        "regex": "([\\d.]+)"
    },
    "autoupdate": {
        "architecture": {
            "64bit": {
                "url": "https://dotnetcli.azureedge.net/dotnet/Sdk/$version/dotnet-sdk-$version-win-x64.zip"
            },
            "32bit": {
                "url": "https://dotnetcli.azureedge.net/dotnet/Sdk/$version/dotnet-sdk-$version-win-x86.zip"
            },
            "arm64": {
                "url": "https://dotnetcli.azureedge.net/dotnet/Sdk/$version/dotnet-sdk-$version-win-arm64.zip"
            }
        },
        "hash": {
            "url": "https://dotnetcli.blob.core.windows.net/dotnet/release-metadata/$majorVersion.$minorVersion/releases.json",
            "regex": "(?s)$basename.*?$sha512"
        }
    }
}
