{
    "version": "2024.3",
    "description": "JetBrains dotTrace Command Line Tools that enable analyzing performance of .NET applications outside of Visual Studio.",
    "homepage": "https://www.jetbrains.com/profiler/download/#section=commandline",
    "license": {
        "identifier": "Freeware",
        "url": "https://www.jetbrains.com/legal/docs/toolbox/user"
    },
    "architecture": {
        "64bit": {
            "url": "https://download.jetbrains.com/resharper/dotUltimate.2024.3/JetBrains.dotTrace.CommandLineTools.windows-x64.2024.3.zip",
            "hash": "f1c8dfaefc8541bc61c8b1dcf7edfb2b26f65a5a3870a9a51e4342f1bde55f42"
        }
    },
    "bin": "ConsoleProfiler.exe",
    "checkver": {
        "url": "https://data.services.jetbrains.com/products/releases?code=DPCLT&latest=true&platform=zip&type=release",
        "jsonpath": "$..version"
    },
    "autoupdate": {
        "architecture": {
            "64bit": {
                "url": "https://download.jetbrains.com/resharper/dotUltimate.$version/JetBrains.dotTrace.CommandLineTools.windows-x64.$version.zip"
            }
        },
        "hash": {
            "url": "$url.sha256"
        }
    }
}
