{
    "version": "1.12.0",
    "description": "Documentation generator from annotated source code.",
    "homepage": "https://www.doxygen.nl/",
    "license": "GPL-2.0-only",
    "architecture": {
        "64bit": {
            "url": "http://doxygen.nl/files/doxygen-1.12.0.windows.x64.bin.zip",
            "hash": "07f1c92cbbb32816689c725539c0951f92c6371d3d7f66dfa3192cbe88dd3138"
        }
    },
    "bin": [
        "doxygen.exe",
        "doxyindexer.exe",
        "doxysearch.cgi.exe"
    ],
    "checkver": {
        "url": "http://www.doxygen.nl/download.html",
        "regex": "doxygen-([\\d.]+).windows"
    },
    "autoupdate": {
        "architecture": {
            "64bit": {
                "url": "http://doxygen.nl/files/doxygen-$version.windows.x64.bin.zip",
                "hash": {
                    "url": "http://www.doxygen.nl/download.html",
                    "regex": "doxygen-[\\d.]+.windows.x64.bin.zip.+$sha256"
                }
            }
        }
    }
}
