{
    "version": "0.17.0",
    "description": "Create cloud-native applications on Kubernetes.",
    "homepage": "https://github.com/Azure/draft",
    "license": "MIT",
    "architecture": {
        "64bit": {
            "url": "https://github.com/Azure/draft/releases/download/v0.17.0/draft-windows-amd64.exe#/draft.exe",
            "hash": "3f52d57b6d07d78454d8af0bb510c5eb941cd2647bf186ac77bad55389aa7489"
        }
    },
    "bin": "draft.exe",
    "checkver": "github",
    "autoupdate": {
        "architecture": {
            "64bit": {
                "url": "https://github.com/Azure/draft/releases/download/v$version/draft-windows-amd64.exe#/draft.exe"
            }
        }
    }
}
