{
    "version": "1.1.3",
    "description": "A high-performance embeddable SQL OLAP database management system",
    "homepage": "https://duckdb.org",
    "license": "MIT",
    "architecture": {
        "64bit": {
            "url": "https://github.com/duckdb/duckdb/releases/download/v1.1.3/duckdb_cli-windows-amd64.zip",
            "hash": "d98f8163d5fd631eedbd6c868aec77a825ea05294db10bdde79c08d97790b514"
        }
    },
    "bin": "duckdb.exe",
    "checkver": {
        "github": "https://github.com/duckdb/duckdb"
    },
    "autoupdate": {
        "architecture": {
            "64bit": {
                "url": "https://github.com/duckdb/duckdb/releases/download/v$version/duckdb_cli-windows-amd64.zip"
            }
        }
    }
}
