{
    "version": "3.58.0",
    "description": "Data & models versioning for ML projects, make them shareable and reproducible",
    "homepage": "https://dvc.org/",
    "license": "Apache-2.0",
    "url": "https://s3-us-east-2.amazonaws.com/dvc-public/dvc-pkgs/exe/dvc-3.58.0.exe",
    "hash": "76d5a9da2dd510a1f1136b38c04b679e02275b2758a572edf02a0e2d9c976600",
    "innosetup": true,
    "bin": "dvc.exe",
    "checkver": {
        "github": "https://github.com/iterative/dvc"
    },
    "autoupdate": {
        "url": "https://s3-us-east-2.amazonaws.com/dvc-public/dvc-pkgs/exe/dvc-$version.exe"
    }
}
