{
    "version": "3.52",
    "description": "Audio conversion tool",
    "homepage": "https://www.rationalqm.us/eac3to/",
    "license": "Freeware",
    "url": "https://www.rationalqm.us/eac3to/eac3to_3.52.rar",
    "hash": "27e7c5990b60a3b9a6969712888c64886bfd578f114675e49f92aaf912b17e34",
    "bin": "eac3to.exe",
    "checkver": {
        "url": "https://www.rationalqm.us/eac3to/?C=M;O=D",
        "regex": "eac3to_([\\d.]+).rar"
    },
    "autoupdate": {
        "url": "https://www.rationalqm.us/eac3to/eac3to_$version.rar"
    }
}
