{
    "version": "0.8.15",
    "description": "Super simple build framework with fast, repeatable builds and an instantly familiar syntax - like Dockerfile and Makefile had a baby.",
    "bin": "earthly.exe",
    "homepage": "https://earthly.dev",
    "license": "MIT",
    "architecture": {
        "64bit": {
            "url": "https://github.com/earthly/earthly/releases/download/v0.8.15/earthly-windows-amd64.exe#/earthly.exe",
            "hash": "c64a84df967f4624202c5cdf1b9f8149ef7ee9e2056ffd84954f0587a0787291"
        }
    },
    "checkver": {
        "github": "https://github.com/earthly/earthly"
    },
    "autoupdate": {
        "architecture": {
            "64bit": {
                "url": "https://github.com/earthly/earthly/releases/download/v$version/earthly-windows-amd64.exe#/earthly.exe",
                "hash": {
                    "url": "$baseurl/checksum.asc",
                    "regex": "$sha256\\s+\\earthly-windows-amd64.exe"
                }
            }
        }
    }
}
