{
    "version": "131.0.2903.70",
    "description": "Close the loop on your developer cycle by automating testing of your website in Microsoft Edge (Chromium).",
    "homepage": "https://developer.microsoft.com/en-us/microsoft-edge/tools/webdriver",
    "license": {
        "identifier": "Freeware",
        "url": "https://msedgedriver.azureedge.net/EULA"
    },
    "notes": "For legacy (EdgeHTML) version, see 'versions/edgedriver-legacy'.",
    "architecture": {
        "64bit": {
            "url": "https://msedgedriver.azureedge.net/131.0.2903.70/edgedriver_win64.zip",
            "hash": "bf70ca05c9127dbbfd741142b4b88763c2bd829348db4c8c071d3d314932ca55"
        },
        "32bit": {
            "url": "https://msedgedriver.azureedge.net/131.0.2903.70/edgedriver_win32.zip",
            "hash": "9d73104cdbaa5d6fd643ac52fd347686257d4d3d0c07c9402f5d612032a091fe"
        },
        "arm64": {
            "url": "https://msedgedriver.azureedge.net/131.0.2903.70/edgedriver_arm64.zip",
            "hash": "f7eb5eb4327a19bff2fc3e8aa350b54a568879bc77583abada3eeb67a40a5b8a"
        }
    },
    "bin": "msedgedriver.exe",
    "checkver": {
        "script": "Write-Output $([System.Text.Encoding]::Unicode.GetString((Invoke-WebRequest -URI https://msedgedriver.azureedge.net/LATEST_STABLE).Content))",
        "regex": "([\\d.]+)"
    },
    "autoupdate": {
        "architecture": {
            "64bit": {
                "url": "https://msedgedriver.azureedge.net/$version/edgedriver_win64.zip"
            },
            "32bit": {
                "url": "https://msedgedriver.azureedge.net/$version/edgedriver_win32.zip"
            },
            "arm64": {
                "url": "https://msedgedriver.azureedge.net/$version/edgedriver_arm64.zip"
            }
        }
    }
}
