{
    "version": "6.0.2+275a1ad",
    "description": "A graph-relational database",
    "homepage": "https://www.edgedb.com/",
    "license": "Apache-2.0|MIT",
    "architecture": {
        "64bit": {
            "url": "https://packages.edgedb.com/archive/x86_64-pc-windows-msvc/edgedb-cli-6.0.2+275a1ad.exe#/edgedb.exe",
            "hash": "0943fed981185719e8bb9f3cbd6bbfb360c59c9511633fdacd453348568871f3"
        }
    },
    "bin": "edgedb.exe",
    "checkver": {
        "url": "https://packages.edgedb.com/archive/.jsonindexes/x86_64-pc-windows-msvc.json",
        "jsonpath": "$..packages[-1:].version"
    },
    "autoupdate": {
        "architecture": {
            "64bit": {
                "url": "https://packages.edgedb.com/archive/x86_64-pc-windows-msvc/edgedb-cli-$version.exe#/edgedb.exe",
                "hash": {
                    "url": "https://packages.edgedb.com/archive/.jsonindexes/x86_64-pc-windows-msvc.json",
                    "jsonpath": "$..packages[-1:].installrefs[?(@.encoding=='identity')].verification.sha256"
                }
            }
        }
    }
}
