{
    "version": "1.17.3",
    "description": "A dynamic and functional programming language designed for building scalable and maintainable applications.",
    "homepage": "https://elixir-lang.org/",
    "license": "Apache-2.0",
    "suggest": {
        "Erlang compiler": "erlang"
    },
    "url": "https://builds.hex.pm/builds/elixir/v1.17.3.zip",
    "hash": "ec481d8bb76d8007820e038ff258423e94ddb86d8ab910d1211efad37614b89e",
    "env_add_path": "bin",
    "checkver": {
        "github": "https://github.com/elixir-lang/elixir"
    },
    "autoupdate": {
        "url": "https://builds.hex.pm/builds/elixir/v$version.zip",
        "hash": {
            "url": "https://builds.hex.pm/builds/elixir/builds.txt",
            "regex": "$version [a-zA-Z0-9]+ \\d{4}-\\d{2}-\\d{2}T\\d{2}:\\d{2}:\\d{2}Z $sha256"
        }
    }
}
