{
    "version": "27.1.3",
    "description": "A programming language used to build massively scalable soft real-time systems with requirements on high availability.",
    "homepage": "https://www.erlang.org",
    "license": "Apache-2.0",
    "suggest": {
        "vcredist": "extras/vcredist2022"
    },
    "architecture": {
        "64bit": {
            "url": "https://github.com/erlang/otp/releases/download/OTP-27.1.3/otp_win64_27.1.3.exe#/dl.7z",
            "hash": "6fae72e00e4c977950dcddd7351811c52de564466138c5e6e0874994583379d1"
        },
        "32bit": {
            "url": "https://github.com/erlang/otp/releases/download/OTP-27.1.3/otp_win32_27.1.3.exe#/dl.7z",
            "hash": "bec7147dcea0bd0addfb2a4ca903789237adf4fa2953f3be944a70cabb9ac0aa"
        }
    },
    "installer": {
        "file": "Install.exe",
        "args": "-sasl"
    },
    "post_install": "Remove-Item \"$dir\\`$PLUGINSDIR\", \"$dir\\vcredist*\" -Force -Recurse",
    "bin": [
        "bin\\erl.exe",
        "bin\\erlc.exe",
        "bin\\escript.exe",
        "bin\\werl.exe"
    ],
    "shortcuts": [
        [
            "bin\\werl.exe",
            "Erlang"
        ]
    ],
    "env_set": {
        "ERLANG_HOME": "$dir"
    },
    "checkver": {
        "url": "https://www.erlang.org/downloads",
        "regex": "https://github\\.com/erlang/otp/releases/download/OTP-([\\d.]+)/otp_win64_\\1\\.exe"
    },
    "autoupdate": {
        "architecture": {
            "64bit": {
                "url": "https://github.com/erlang/otp/releases/download/OTP-$version/otp_win64_$version.exe#/dl.7z"
            },
            "32bit": {
                "url": "https://github.com/erlang/otp/releases/download/OTP-$version/otp_win32_$version.exe#/dl.7z"
            }
        }
    }
}
