{
    "version": "3.5.17",
    "description": "A distributed, reliable key-value store for the most critical data of a distributed system",
    "homepage": "https://etcd.io/",
    "license": "Apache-2.0",
    "architecture": {
        "64bit": {
            "url": "https://github.com/etcd-io/etcd/releases/download/v3.5.17/etcd-v3.5.17-windows-amd64.zip",
            "hash": "4821d95bc8baf3a154315718ca790b548c4f0fab66290a6e702936d7d8af542e",
            "extract_dir": "etcd-v3.5.17-windows-amd64"
        }
    },
    "bin": [
        "etcd.exe",
        "etcdctl.exe"
    ],
    "checkver": {
        "github": "https://github.com/etcd-io/etcd"
    },
    "autoupdate": {
        "architecture": {
            "64bit": {
                "url": "https://github.com/etcd-io/etcd/releases/download/v$version/etcd-v$version-windows-amd64.zip",
                "extract_dir": "etcd-v$version-windows-amd64",
                "hash": {
                    "url": "$baseurl/SHA256SUMS",
                    "regex": "^$sha256\\s+$url$"
                }
            }
        }
    }
}
