{
    "##": "Rename from zip to 7z is needed due to 'invalid archive entry' error.",
    "version": "3.5.4",
    "description": "A Go based command line tool for exercism.io",
    "homepage": "https://exercism.org/",
    "license": "MIT",
    "bin": "exercism.exe",
    "notes": "To configure the CLI, follow the instructions at https://exercism.io/cli-walkthrough.",
    "architecture": {
        "64bit": {
            "url": "https://github.com/exercism/cli/releases/download/v3.5.4/exercism-3.5.4-windows-x86_64.zip#/dl.7z",
            "hash": "ea257d0cd9907baa6ad2018fd34fa4b6c9a218a34321ecbf3d02ecccb3ad3a25"
        },
        "32bit": {
            "url": "https://github.com/exercism/cli/releases/download/v3.5.4/exercism-3.5.4-windows-i386.zip#/dl.7z",
            "hash": "94091501e7a82f9379f4d01cdc2967cac10acf86b48ef5e045013d518e431b84"
        }
    },
    "checkver": {
        "github": "https://github.com/exercism/cli"
    },
    "autoupdate": {
        "architecture": {
            "64bit": {
                "url": "https://github.com/exercism/cli/releases/download/v$version/exercism-$version-windows-x86_64.zip#/dl.7z"
            },
            "32bit": {
                "url": "https://github.com/exercism/cli/releases/download/v$version/exercism-$version-windows-i386.zip#/dl.7z"
            }
        }
    }
}
