{
    "version": "0.20.11",
    "description": "A modern, maintained replacement for ls, built on exa.",
    "homepage": "https://github.com/eza-community/eza",
    "license": "MIT",
    "architecture": {
        "64bit": {
            "url": "https://github.com/eza-community/eza/releases/download/v0.20.11/eza.exe_x86_64-pc-windows-gnu.zip",
            "hash": "4a14f838c2d07acae856faef2460ea8bd9f291dc3fcefa11144ed7923e5bd2fa"
        }
    },
    "bin": [
        "eza.exe",
        [
            "eza.exe",
            "exa"
        ]
    ],
    "checkver": "github",
    "autoupdate": {
        "architecture": {
            "64bit": {
                "url": "https://github.com/eza-community/eza/releases/download/v$version/eza.exe_x86_64-pc-windows-gnu.zip"
            }
        },
        "hash": {
            "url": "https://github.com/eza-community/eza/releases/tag/v$version"
        }
    }
}
