{
    "version": "6.1.1",
    "description": "F# Make, build automation tool for .NET with similar capabilities to make and rake",
    "homepage": "https://fake.build",
    "license": "MIT",
    "architecture": {
        "64bit": {
            "url": "https://github.com/fsharp/FAKE/releases/download/6.1.1/fake-dotnetcore-win7-x64.zip",
            "hash": "d0a5379b92fe2be228d9d880c419c26c1871aae84080bd312213450ade6da5b0"
        },
        "32bit": {
            "url": "https://github.com/fsharp/FAKE/releases/download/6.1.1/fake-dotnetcore-win7-x86.zip",
            "hash": "2e7cc433f7d472ce104e308f5edfb72b6d6767e4608d3f822e15aec203839ae3"
        }
    },
    "bin": "fake.exe",
    "checkver": {
        "github": "https://github.com/fsharp/FAKE"
    },
    "autoupdate": {
        "architecture": {
            "64bit": {
                "url": "https://github.com/fsharp/FAKE/releases/download/$version/fake-dotnetcore-win7-x64.zip"
            },
            "32bit": {
                "url": "https://github.com/fsharp/FAKE/releases/download/$version/fake-dotnetcore-win7-x86.zip"
            }
        }
    }
}
