{
    "version": "10.2.0",
    "description": "A simple, fast and user-friendly alternative to 'find'.",
    "homepage": "https://github.com/sharkdp/fd",
    "license": "MIT",
    "architecture": {
        "64bit": {
            "url": "https://github.com/sharkdp/fd/releases/download/v10.2.0/fd-v10.2.0-x86_64-pc-windows-msvc.zip",
            "hash": "92ac9e6b0a0c6ecdab638ffe210dc786403fff4c66373604cf70df27be45e4fe",
            "extract_dir": "fd-v10.2.0-x86_64-pc-windows-msvc"
        },
        "32bit": {
            "url": "https://github.com/sharkdp/fd/releases/download/v10.2.0/fd-v10.2.0-i686-pc-windows-msvc.zip",
            "hash": "a35941bc1063bd514b9e214d55b23ea3dd32ad1d7e74d2fa1b06ec34cbb36cc9",
            "extract_dir": "fd-v10.2.0-i686-pc-windows-msvc"
        }
    },
    "bin": "fd.exe",
    "checkver": "github",
    "autoupdate": {
        "architecture": {
            "64bit": {
                "url": "https://github.com/sharkdp/fd/releases/download/v$version/fd-v$version-x86_64-pc-windows-msvc.zip",
                "extract_dir": "fd-v$version-x86_64-pc-windows-msvc"
            },
            "32bit": {
                "url": "https://github.com/sharkdp/fd/releases/download/v$version/fd-v$version-i686-pc-windows-msvc.zip",
                "extract_dir": "fd-v$version-i686-pc-windows-msvc"
            }
        }
    }
}
