{
    "version": "7.1",
    "description": "A complete, cross-platform solution to record, convert and stream audio and video.",
    "homepage": "https://ffmpeg.org",
    "license": "GPL-3.0-or-later",
    "architecture": {
        "64bit": {
            "url": "https://www.gyan.dev/ffmpeg/builds/packages/ffmpeg-7.1-full_build-shared.7z",
            "hash": "01915dfe8591248be20d3d83453c91c1f71cfd10c07460e6fa2d2e667f513606",
            "extract_dir": "ffmpeg-7.1-full_build-shared"
        }
    },
    "post_install": [
        "# Workaround for https://github.com/ScoopInstaller/Main/issues/2611",
        "Remove-Item \"$scoopdir\\shims\\ffmpeg.ps1\", \"$scoopdir\\shims\\ffplay.ps1\", \"$scoopdir\\shims\\ffprobe.ps1\" -ErrorAction SilentlyContinue"
    ],
    "persist": "fonts",
    "bin": [
        "bin\\ffmpeg.exe",
        "bin\\ffplay.exe",
        "bin\\ffprobe.exe"
    ],
    "checkver": {
        "url": "https://www.gyan.dev/ffmpeg/builds/ffmpeg-release-full-shared.7z.ver",
        "regex": "([\\d.]+)"
    },
    "autoupdate": {
        "architecture": {
            "64bit": {
                "url": "https://www.gyan.dev/ffmpeg/builds/packages/ffmpeg-$version-full_build-shared.7z",
                "hash": {
                    "url": "https://www.gyan.dev/ffmpeg/builds/packages/ffmpeg-$version-full_build-shared.7z.sha256"
                },
                "extract_dir": "ffmpeg-$version-full_build-shared"
            }
        }
    }
}
