{
    "version": "7.1",
    "description": "A complete, cross-platform solution to record, convert and stream audio and video.",
    "homepage": "https://ffmpeg.org",
    "license": "GPL-3.0-or-later",
    "architecture": {
        "64bit": {
            "url": "https://www.gyan.dev/ffmpeg/builds/packages/ffmpeg-7.1-full_build.7z",
            "hash": "c516a77c7080c2883669cbefcabece1451aecb828f1e9cbdf3f0a45c1fe109f8",
            "extract_dir": "ffmpeg-7.1-full_build"
        }
    },
    "persist": "fonts",
    "bin": [
        "bin\\ffmpeg.exe",
        "bin\\ffplay.exe",
        "bin\\ffprobe.exe"
    ],
    "checkver": {
        "url": "https://www.gyan.dev/ffmpeg/builds/ffmpeg-release-full.7z.ver",
        "regex": "([\\d.]+)"
    },
    "autoupdate": {
        "architecture": {
            "64bit": {
                "url": "https://www.gyan.dev/ffmpeg/builds/packages/ffmpeg-$version-full_build.7z",
                "hash": {
                    "url": "https://www.gyan.dev/ffmpeg/builds/packages/ffmpeg-$version-full_build.7z.sha256"
                },
                "extract_dir": "ffmpeg-$version-full_build"
            }
        }
    }
}
