{
    "version": "13.28.0",
    "description": "Test, manage, and deploy Firebase project from the command line",
    "homepage": "https://github.com/firebase/firebase-tools",
    "license": "MIT",
    "architecture": {
        "64bit": {
            "url": "https://github.com/firebase/firebase-tools/releases/download/v13.28.0/firebase-tools-win.exe#/firebase.exe",
            "hash": "99c3ec58907100ca5be063c8c17013e3f4ae74ea9b15068017552690dec0f73f"
        }
    },
    "bin": "firebase.exe",
    "checkver": "github",
    "autoupdate": {
        "architecture": {
            "64bit": {
                "url": "https://github.com/firebase/firebase-tools/releases/download/v$version/firebase-tools-win.exe#/firebase.exe"
            }
        }
    }
}
