{
    "version": "3.3.21",
    "homepage": "https://github.com/FlareSolverr/FlareSolverr",
    "description": "A proxy server to bypass Cloudflare and DDoS-GUARD protection.",
    "license": "MIT",
    "architecture": {
        "64bit": {
            "url": "https://github.com/FlareSolverr/FlareSolverr/releases/download/v3.3.21/flaresolverr_windows_x64.zip",
            "hash": "6df24901173ca95ddf8b2b2eae1309e70e5116642ba5c61ac5159ba4426fe6ed"
        }
    },
    "extract_dir": "flaresolverr",
    "bin": "flaresolverr.exe",
    "checkver": "github",
    "autoupdate": {
        "architecture": {
            "64bit": {
                "url": "https://github.com/FlareSolverr/FlareSolverr/releases/download/v$version/flaresolverr_windows_x64.zip"
            }
        }
    }
}
