{
    "version": "0.256.0",
    "description": "A static type checker for JavaScript code",
    "homepage": "https://flow.org/",
    "license": "MIT",
    "architecture": {
        "64bit": {
            "url": "https://github.com/facebook/flow/releases/download/v0.256.0/flow-win64-v0.256.0.zip",
            "hash": "c555888de607ad31d749dbfbd208bcd58240c2d58fc09668f553711e6603b161"
        }
    },
    "extract_dir": "flow",
    "bin": "flow.exe",
    "checkver": {
        "github": "https://github.com/facebook/flow"
    },
    "autoupdate": {
        "architecture": {
            "64bit": {
                "url": "https://github.com/facebook/flow/releases/download/v$version/flow-win64-v$version.zip"
            }
        }
    }
}
