{
    "version": "2.4.0",
    "description": "Open and extensible continuous delivery solution for Kubernetes.",
    "homepage": "https://fluxcd.io",
    "license": "Apache-2.0",
    "architecture": {
        "64bit": {
            "url": "https://github.com/fluxcd/flux2/releases/download/v2.4.0/flux_2.4.0_windows_amd64.zip",
            "hash": "5abe6eda1241bf1492ac57fda660d55444522973ea63becdc6c5d1ce6caf602e"
        },
        "arm64": {
            "url": "https://github.com/fluxcd/flux2/releases/download/v2.4.0/flux_2.4.0_windows_arm64.zip",
            "hash": "f0be013c670108fb45415c35fe43d2d93646e334bfc4b87c9f24c52804653a1e"
        },
        "32bit": {
            "url": "https://github.com/fluxcd/flux2/releases/download/v2.4.0/flux_2.4.0_windows_386.zip",
            "hash": "fe4c1a06ba837a4fa462699692df39801b432b282c46b77380b2e57179e6804c"
        }
    },
    "bin": "flux.exe",
    "checkver": {
        "url": "https://api.github.com/repositories/258469100/releases",
        "jsonpath": "$..browser_download_url",
        "regex": "flux_([\\d.]+)_windows_amd64.zip"
    },
    "autoupdate": {
        "architecture": {
            "64bit": {
                "url": "https://github.com/fluxcd/flux2/releases/download/v$version/flux_$version_windows_amd64.zip"
            },
            "arm64": {
                "url": "https://github.com/fluxcd/flux2/releases/download/v$version/flux_$version_windows_arm64.zip"
            },
            "32bit": {
                "url": "https://github.com/fluxcd/flux2/releases/download/v$version/flux_$version_windows_386.zip"
            }
        },
        "hash": {
            "url": "$baseurl/flux_$version_checksums.txt"
        }
    },
    "notes": "For Flux v1, please install 'versions/fluxctl' instead."
}
