{
    "version": "0.3.49",
    "description": "Command line deployment/management client for fly.io services",
    "homepage": "https://github.com/superfly/flyctl",
    "license": " Apache-2.0",
    "architecture": {
        "64bit": {
            "url": "https://github.com/superfly/flyctl/releases/download/v0.3.49/flyctl_0.3.49_Windows_x86_64.zip",
            "hash": "edc62d1a11b42dd944d92b74cac2707ea912fa802cd84b3d433654154f340326"
        },
        "arm64": {
            "url": "https://github.com/superfly/flyctl/releases/download/v0.3.49/flyctl_0.3.49_Windows_arm64.zip",
            "hash": "3918ccd317c8406ce211b9784ee3d5bd4f1d39fd6462e46e056ef6bc02757e85"
        }
    },
    "bin": [
        "flyctl.exe",
        [
            "flyctl.exe",
            "fly"
        ]
    ],
    "checkver": "github",
    "autoupdate": {
        "architecture": {
            "64bit": {
                "url": "https://github.com/superfly/flyctl/releases/download/v$version/flyctl_$version_Windows_x86_64.zip"
            },
            "arm64": {
                "url": "https://github.com/superfly/flyctl/releases/download/v$version/flyctl_$version_Windows_arm64.zip"
            }
        },
        "hash": {
            "url": "$baseurl/checksums.txt"
        }
    }
}
