{
    "version": "11.0.1",
    "description": "Database migration tool that favors simplicity and convention over configuration.",
    "homepage": "https://flywaydb.org/",
    "license": "Apache-2.0",
    "architecture": {
        "64bit": {
            "url": "https://repo1.maven.org/maven2/org/flywaydb/flyway-commandline/11.0.1/flyway-commandline-11.0.1-windows-x64.zip",
            "hash": "sha1:6f131ab383f0d34c05f70b08bfbcfe58379fc256"
        }
    },
    "extract_dir": "flyway-11.0.1",
    "bin": "flyway.cmd",
    "persist": [
        "conf",
        "sql",
        "jars"
    ],
    "checkver": {
        "url": "https://repo1.maven.org/maven2/org/flywaydb/flyway-commandline/maven-metadata.xml",
        "regex": "<release>(\\S+)</release>"
    },
    "autoupdate": {
        "architecture": {
            "64bit": {
                "url": "https://repo1.maven.org/maven2/org/flywaydb/flyway-commandline/$version/flyway-commandline-$version-windows-x64.zip"
            }
        },
        "hash": {
            "url": "$url.sha1"
        },
        "extract_dir": "flyway-$version"
    }
}
