{
    "version": "1.38.1",
    "description": "Cross-platform Node.js version switcher",
    "homepage": "https://github.com/Schniz/fnm",
    "license": "GPL-3.0-only",
    "notes": "Don't forget to add \"fnm env --use-on-cd | Out-String | Invoke-Expression\" to your powershell profile.",
    "architecture": {
        "64bit": {
            "url": "https://github.com/Schniz/fnm/releases/download/v1.38.1/fnm-windows.zip",
            "hash": "377796e8f2f51eb8b5de8983974caa8922b83c167197b68b33962775703ad4a0"
        }
    },
    "bin": "fnm.exe",
    "checkver": "github",
    "autoupdate": {
        "architecture": {
            "64bit": {
                "url": "https://github.com/Schniz/fnm/releases/download/v$version/fnm-windows.zip"
            }
        }
    }
}
