{
    "version": "2.25",
    "description": "A simple, high-reliability, distributed software configuration management system.",
    "homepage": "https://www.fossil-scm.org/",
    "license": "BSD-2-Clause",
    "architecture": {
        "64bit": {
            "url": "https://www.fossil-scm.org/index.html/uv/fossil-w64-2.25.zip",
            "hash": "d8be3af711bb8a57434ee73c2860cae4379293c3a70c558c8b3902ad1f616f22"
        },
        "32bit": {
            "url": "https://www.fossil-scm.org/index.html/uv/fossil-w32-2.25.zip",
            "hash": "a43b28cc0beca74d63432c82f410f3ccdd904bdc40b57941012ddb57d94710a7"
        }
    },
    "bin": "fossil.exe",
    "checkver": {
        "url": "https://www.fossil-scm.org/index.html/uv/download.js",
        "regex": "p=version-([0-9.]+)"
    },
    "autoupdate": {
        "architecture": {
            "64bit": {
                "url": "https://www.fossil-scm.org/index.html/uv/fossil-w64-$version.zip"
            },
            "32bit": {
                "url": "https://www.fossil-scm.org/index.html/uv/fossil-w32-$version.zip"
            }
        }
    }
}
