{
    "version": "3.9.41",
    "description": "Dependency analysis tool. Supports license & vulnerability scanning. Language-agnostic; integrates with 20+ build systems.",
    "homepage": "https://github.com/fossas/fossa-cli",
    "license": "MPL-2.0",
    "architecture": {
        "64bit": {
            "url": "https://github.com/fossas/fossa-cli/releases/download/v3.9.41/fossa_3.9.41_windows_amd64.zip",
            "hash": "1733c3786d73ed85f3e5811cfdbf1f7b014be75e270fb82167d09319a05057d2"
        }
    },
    "bin": "fossa.exe",
    "checkver": "github",
    "autoupdate": {
        "architecture": {
            "64bit": {
                "url": "https://github.com/fossas/fossa-cli/releases/download/v$version/fossa_$version_windows_amd64.zip",
                "hash": {
                    "url": "$url.sha256"
                }
            }
        }
    }
}
