{
    "version": "0.61.0",
    "description": "A fast reverse proxy to help you expose a local server behind a NAT or firewall to the internet.",
    "homepage": "https://github.com/fatedier/frp",
    "license": "Apache-2.0",
    "architecture": {
        "64bit": {
            "url": "https://github.com/fatedier/frp/releases/download/v0.61.0/frp_0.61.0_windows_amd64.zip",
            "hash": "ab7ae0633df538b35d0490212eabfd6d3a0051e9e446ae0053c9f63921a8c46e",
            "extract_dir": "frp_0.61.0_windows_amd64"
        },
        "arm64": {
            "url": "https://github.com/fatedier/frp/releases/download/v0.61.0/frp_0.61.0_windows_arm64.zip",
            "hash": "939f3f3c78be9221a9bc3a2380c1168fb5797ba66504d7188890bf93838ee6d5",
            "extract_dir": "frp_0.61.0_windows_arm64"
        }
    },
    "bin": [
        "frpc.exe",
        "frps.exe"
    ],
    "persist": [
        "frpc.toml",
        "frps.toml"
    ],
    "checkver": "github",
    "autoupdate": {
        "architecture": {
            "64bit": {
                "url": "https://github.com/fatedier/frp/releases/download/v$version/frp_$version_windows_amd64.zip",
                "extract_dir": "frp_$version_windows_amd64"
            },
            "arm64": {
                "url": "https://github.com/fatedier/frp/releases/download/v$version/frp_$version_windows_arm64.zip",
                "extract_dir": "frp_$version_windows_arm64"
            }
        },
        "hash": {
            "url": "$baseurl/frp_sha256_checksums.txt"
        }
    }
}
