{
    "version": "35.0.0",
    "description": "Terminal JSON viewer",
    "homepage": "https://github.com/antonmedv/fx",
    "license": "MIT",
    "architecture": {
        "64bit": {
            "url": "https://github.com/antonmedv/fx/releases/download/35.0.0/fx_windows_amd64.exe#/fx.exe",
            "hash": "0d012a3eff279361d83f4fc181d6c55b9f79564099ba382df82e7ed14b6fd066"
        },
        "arm64": {
            "url": "https://github.com/antonmedv/fx/releases/download/35.0.0/fx_windows_arm64.exe#/fx.exe",
            "hash": "059daf1557801f42903aaf0d482997f88dadde94f18adf8df0af97dad0bbe4b0"
        }
    },
    "bin": "fx.exe",
    "checkver": "github",
    "autoupdate": {
        "architecture": {
            "64bit": {
                "url": "https://github.com/antonmedv/fx/releases/download/$version/fx_windows_amd64.exe#/fx.exe"
            },
            "arm64": {
                "url": "https://github.com/antonmedv/fx/releases/download/$version/fx_windows_arm64.exe#/fx.exe"
            }
        }
    }
}
