{
    "version": "0.56.3",
    "description": "A general-purpose command-line fuzzy finder",
    "homepage": "https://github.com/junegunn/fzf",
    "license": "MIT",
    "architecture": {
        "64bit": {
            "url": "https://github.com/junegunn/fzf/releases/download/v0.56.3/fzf-0.56.3-windows_amd64.zip",
            "hash": "90ab81ada960160d5c5fa9ce260810a5f664c15f1567d20072645fe3d22ffc9a"
        },
        "arm64": {
            "url": "https://github.com/junegunn/fzf/releases/download/v0.56.3/fzf-0.56.3-windows_arm64.zip",
            "hash": "966a1a2e2f8b68543dca39c858f6a330d5cff4d1bd0fae9f354a6f5530d8ee4b"
        }
    },
    "bin": "fzf.exe",
    "checkver": "github",
    "autoupdate": {
        "architecture": {
            "64bit": {
                "url": "https://github.com/junegunn/fzf/releases/download/v$version/fzf-$version-windows_amd64.zip"
            },
            "arm64": {
                "url": "https://github.com/junegunn/fzf/releases/download/v$version/fzf-$version-windows_arm64.zip"
            }
        }
    }
}
