{
    "version": "1.28.1",
    "description": "Command-line program to download image-galleries and -collections from several image hosting sites.",
    "homepage": "https://github.com/mikf/gallery-dl",
    "license": "GPL-2.0-or-later",
    "url": "https://github.com/mikf/gallery-dl/releases/download/v1.28.1/gallery-dl.exe",
    "hash": "89b5128a3c22540e8310d0ecc16bea654b4bb5628c50af098943a13fc4760f35",
    "bin": "gallery-dl.exe",
    "pre_install": "if (-not (Test-Path \"$persist_dir\\gallery-dl.conf\")) { Set-Content \"$dir\\gallery-dl.conf\" '{}' -Encoding Ascii | Out-Null }",
    "persist": "gallery-dl.conf",
    "checkver": "github",
    "autoupdate": {
        "url": "https://github.com/mikf/gallery-dl/releases/download/v$version/gallery-dl.exe"
    }
}
