{
    "version": "1.0.46",
    "description": "A high-performance cache-store from Microsoft Research.",
    "homepage": "https://microsoft.github.io/garnet",
    "license": "MIT",
    "notes": [
        "Garnet requires .NET 8 SDK.",
        "Existing Redis clients are compatible with Garnet.",
        "config directory is created for storing persist files conveniently.",
        "To run Garnet with configuration file, For garnet.conf file format:",
        "GarnetServer.exe --config-import-path garnet.conf",
        "For redis.conf with this command:",
        "GarnetServer.exe --config-import-path redis.conf --config-import-format RedisConf"
    ],
    "suggest": {
        "dotnet8-sdk": "main/dotnet-sdk"
    },
    "architecture": {
        "64bit": {
            "url": "https://github.com/microsoft/garnet/releases/download/v1.0.46/win-x64-based-readytorun.zip",
            "hash": "f79331ffd8b8004359aba866f134055cc932f9ff80d9ca58ea25603b56ee7376"
        },
        "arm64": {
            "url": "https://github.com/microsoft/garnet/releases/download/v1.0.46/win-arm64-based-readytorun.zip",
            "hash": "aad487f839595636ac3272f845c613bd9e292fdf130a43734227b34aa169ef48"
        }
    },
    "bin": "GarnetServer.exe",
    "persist": [
        "garnet.conf",
        "config"
    ],
    "checkver": {
        "github": "https://github.com/microsoft/garnet"
    },
    "autoupdate": {
        "architecture": {
            "64bit": {
                "url": "https://github.com/microsoft/garnet/releases/download/v$version/win-x64-based-readytorun.zip"
            },
            "arm64": {
                "url": "https://github.com/microsoft/garnet/releases/download/v$version/win-arm64-based-readytorun.zip"
            }
        }
    }
}
