{
    "version": "5.29.0",
    "description": "A Fast Console Disk Usage Analyzer",
    "homepage": "https://github.com/dundee/gdu",
    "license": "MIT",
    "architecture": {
        "64bit": {
            "url": "https://github.com/dundee/gdu/releases/download/v5.29.0/gdu_windows_amd64.exe.zip",
            "hash": "5997a4bb1751c0d97ddff90f775831a39d09bc2d30b4dde0398887dd88054e08"
        }
    },
    "pre_install": "Rename-Item \"$dir\\$($fname -replace '\\.zip$')\" 'gdu.exe'",
    "bin": "gdu.exe",
    "checkver": "github",
    "autoupdate": {
        "architecture": {
            "64bit": {
                "url": "https://github.com/dundee/gdu/releases/download/v$version/gdu_windows_amd64.exe.zip"
            }
        },
        "hash": {
            "url": "$baseurl/sha256sums.txt"
        }
    }
}
