{
    "version": "0.35.0",
    "description": "WebDriver for the Firefox web browser.",
    "homepage": "https://github.com/mozilla/geckodriver",
    "license": "MPL-2.0",
    "bin": "geckodriver.exe",
    "checkver": "github",
    "architecture": {
        "64bit": {
            "url": "https://github.com/mozilla/geckodriver/releases/download/v0.35.0/geckodriver-v0.35.0-win64.zip",
            "hash": "e6de1ee49aad29431f7b8ff366f10486d008dd5cd8dde94cb01d7e9e3d33d988"
        },
        "32bit": {
            "url": "https://github.com/mozilla/geckodriver/releases/download/v0.35.0/geckodriver-v0.35.0-win32.zip",
            "hash": "063d36b19bac132db63e5241066bdbd95f92ee866f8a5cbb29b114627849cca5"
        }
    },
    "autoupdate": {
        "architecture": {
            "64bit": {
                "url": "https://github.com/mozilla/geckodriver/releases/download/v$version/geckodriver-v$version-win64.zip"
            },
            "32bit": {
                "url": "https://github.com/mozilla/geckodriver/releases/download/v$version/geckodriver-v$version-win32.zip"
            }
        }
    }
}
