{
    "version": "1.14.12",
    "description": "Official Go implementation of the Ethereum protocol",
    "homepage": "https://geth.ethereum.org",
    "license": "MIT",
    "architecture": {
        "64bit": {
            "url": "https://gethstore.blob.core.windows.net/builds/geth-alltools-windows-amd64-1.14.12-293a300d.zip",
            "hash": "md5:e1ca775889f3532cc04209f83b642bd3",
            "extract_dir": "geth-alltools-windows-amd64-1.14.12-293a300d"
        },
        "32bit": {
            "url": "https://gethstore.blob.core.windows.net/builds/geth-alltools-windows-386-1.14.12-293a300d.zip",
            "hash": "md5:89756cfe8b0c058a0b1ad87925664785",
            "extract_dir": "geth-alltools-windows-386-1.14.12-293a300d"
        }
    },
    "bin": [
        "abigen.exe",
        "bootnode.exe",
        "clef.exe",
        "evm.exe",
        "geth.exe",
        "rlpdump.exe"
    ],
    "checkver": {
        "url": "https://github.com/ethereum/go-ethereum/releases/latest",
        "regex": "(?sm)/tree/v([\\d.]+).*?/commit/(?<sha>[a-z\\d]{8})"
    },
    "autoupdate": {
        "architecture": {
            "64bit": {
                "url": "https://gethstore.blob.core.windows.net/builds/geth-alltools-windows-amd64-$version-$matchSha.zip",
                "extract_dir": "geth-alltools-windows-amd64-$version-$matchSha"
            },
            "32bit": {
                "url": "https://gethstore.blob.core.windows.net/builds/geth-alltools-windows-386-$version-$matchSha.zip",
                "extract_dir": "geth-alltools-windows-386-$version-$matchSha"
            }
        },
        "hash": {
            "url": "https://gethstore.blob.core.windows.net/builds?restype=container&comp=list&maxresults=5&prefix=$basename",
            "regex": "$basename.*?Content-MD5>$base64<"
        }
    }
}
