{
    "version": "0.23-v1.17",
    "description": "Gettext is an internationalization and localization (i18n) system commonly used for writing multilingual programs on Unix-like computer operating systems.",
    "homepage": "https://mlocati.github.io/articles/gettext-iconv-windows.html",
    "license": "Unknown",
    "architecture": {
        "64bit": {
            "url": "https://github.com/mlocati/gettext-iconv-windows/releases/download/v0.23-v1.17/gettext0.23-iconv1.17-shared-64.zip",
            "hash": "2eea94f66563db7b8c3906fe9c547f20b301e2849baad372e4ae5fa941f4bc3f"
        },
        "32bit": {
            "url": "https://github.com/mlocati/gettext-iconv-windows/releases/download/v0.23-v1.17/gettext0.23-iconv1.17-shared-32.zip",
            "hash": "9719c5104f48264a42bd53070b12ff0413470caa617728339037ee3ce82dc04a"
        }
    },
    "bin": [
        "bin\\iconv.exe",
        "bin\\msgattrib.exe",
        "bin\\msgcat.exe",
        "bin\\msgcmp.exe",
        "bin\\msgcomm.exe",
        "bin\\msgconv.exe",
        "bin\\msgen.exe",
        "bin\\msgexec.exe",
        "bin\\msgfilter.exe",
        "bin\\msgfmt.exe",
        "bin\\msggrep.exe",
        "bin\\msginit.exe",
        "bin\\msgmerge.exe",
        "bin\\msgunfmt.exe",
        "bin\\msguniq.exe",
        "bin\\xgettext.exe"
    ],
    "checkver": {
        "url": "https://github.com/mlocati/gettext-iconv-windows/releases",
        "regex": "/releases/tag/v((?<gettext>[\\d.]+)-v(?<iconv>[\\d.]+))"
    },
    "autoupdate": {
        "architecture": {
            "64bit": {
                "url": "https://github.com/mlocati/gettext-iconv-windows/releases/download/v$version/gettext$matchGettext-iconv$matchIconv-shared-64.zip"
            },
            "32bit": {
                "url": "https://github.com/mlocati/gettext-iconv-windows/releases/download/v$version/gettext$matchGettext-iconv$matchIconv-shared-32.zip"
            }
        }
    }
}
