{
    "version": "2.63.2",
    "description": "Official GitHub CLI",
    "homepage": "https://cli.github.com",
    "license": "MIT",
    "architecture": {
        "64bit": {
            "url": "https://github.com/cli/cli/releases/download/v2.63.2/gh_2.63.2_windows_amd64.zip",
            "hash": "da7eaeb29cd9251cc477402681efc72ac2283ced94e63a69c1e3bc9aca99eb9b"
        },
        "32bit": {
            "url": "https://github.com/cli/cli/releases/download/v2.63.2/gh_2.63.2_windows_386.zip",
            "hash": "38bbc931f70fc72b1680eb83e2bd2bbb54dd8a0314e125ec7d3da8e1b54f60d3"
        },
        "arm64": {
            "url": "https://github.com/cli/cli/releases/download/v2.63.2/gh_2.63.2_windows_arm64.zip",
            "hash": "77915d30806f0acb859917d1295db0744d1722173d3294e3269cc2e328b28f1a"
        }
    },
    "bin": "bin\\gh.exe",
    "checkver": {
        "github": "https://github.com/cli/cli"
    },
    "autoupdate": {
        "architecture": {
            "64bit": {
                "url": "https://github.com/cli/cli/releases/download/v$version/gh_$version_windows_amd64.zip"
            },
            "32bit": {
                "url": "https://github.com/cli/cli/releases/download/v$version/gh_$version_windows_386.zip"
            },
            "arm64": {
                "url": "https://github.com/cli/cli/releases/download/v$version/gh_$version_windows_arm64.zip"
            }
        },
        "hash": {
            "url": "$baseurl/gh_$version_checksums.txt"
        }
    }
}
