{
    "version": "2.47.0",
    "description": "git filter-branch replacement",
    "homepage": "https://github.com/newren/git-filter-repo",
    "license": "MIT",
    "suggest": {
        "Git": "git",
        "Python 3": "python"
    },
    "url": "https://github.com/newren/git-filter-repo/archive/v2.47.0.zip",
    "hash": "8f3d099bf91ceac6cae60d79aac701e9bc08fd0eed67c601cc5dd401d5788871",
    "pre_install": "Move-Item \"$dir\\git-filter-repo-*\\*\" \"$dir\"; Remove-Item \"$dir\\git-filter-repo-*\"",
    "post_install": "Copy-Item \"$dir\\git-filter-repo\" \"$dir\\contrib\\filter-repo-demos\" | Out-Null",
    "bin": "git-filter-repo",
    "checkver": "github",
    "autoupdate": {
        "url": "https://github.com/newren/git-filter-repo/archive/v$version.zip"
    }
}
