{
    "version": "2.5.8",
    "description": "Git quick statistics is a simple and efficient way to access various statistics in git repository.",
    "homepage": "https://git-quick-stats.sh/",
    "license": "MIT",
    "notes": "Run 'git config --global alias.quick-stats \"! $dir\\git-quick-stats\"' to configure alias.",
    "suggest": {
        "Git": "git"
    },
    "url": "https://github.com/arzzen/git-quick-stats/raw/2.5.8/git-quick-stats",
    "hash": "e01bd2cb336bad9e42a421fbb4549e68646b562ccef6cf55469fa7445c610a79",
    "bin": "git-quick-stats",
    "checkver": {
        "github": "https://github.com/arzzen/git-quick-stats"
    },
    "autoupdate": {
        "url": "https://github.com/arzzen/git-quick-stats/raw/$version/git-quick-stats"
    }
}
