{
    "version": "3.31.0",
    "description": "Probably the sharpest git repository organizer & rebase/merge workflow automation tool you've ever seen",
    "homepage": "https://github.com/VirtusLab/git-machete",
    "license": "MIT",
    "depends": "python",
    "url": "https://files.pythonhosted.org/packages/py3/g/git-machete/git_machete-3.31.0-py3-none-any.whl",
    "hash": "cb7f55f732f22fc48edb446198024755f928730d029936719a21e24453897837",
    "installer": {
        "script": [
            "Push-Location \"$dir\"",
            "python -m venv git-machete",
            ".\\git-machete\\Scripts\\activate",
            "try {",
            "    python -m pip install \"$fname\"",
            "}",
            "finally {",
            "    Remove-Item \"$fname\"",
            "    deactivate",
            "    Pop-Location",
            "}"
        ]
    },
    "bin": "git-machete\\Scripts\\git-machete.exe",
    "checkver": "github",
    "autoupdate": {
        "url": "https://files.pythonhosted.org/packages/py3/g/git-machete/git_machete-$version-py3-none-any.whl"
    }
}
