{
    "version": "10.20241031",
    "description": "Manage files with git, without comitting them.",
    "homepage": "https://git-annex.branchable.com/",
    "license": "AGPL-3.0-or-later",
    "bin": "usr/bin/git-annex.exe",
    "url": "https://downloads.kitenet.net/git-annex/windows/current/git-annex-installer.exe#/dl.7z",
    "hash": "a9b8be45817ad02ffee76a182dd64577848a332da2d1d9484015d07974da7a2d",
    "checkver": {
        "url": "https://downloads.kitenet.net/git-annex/windows/current/git-annex-installer.exe.info",
        "regex": "distributionVersion = \"([\\d.]+)\""
    },
    "autoupdate": {
        "url": "https://downloads.kitenet.net/git-annex/windows/current/git-annex-installer.exe#/dl.7z",
        "hash": {
            "url": "$url.info",
            "regex": "$sha256\\.exe"
        }
    }
}
