{
    "version": "3.6.0",
    "description": "Git extension for versioning large files.",
    "homepage": "https://git-lfs.github.com/",
    "license": "MIT",
    "suggest": {
        "Git": [
            "git",
            "git-with-openssh"
        ]
    },
    "architecture": {
        "64bit": {
            "url": "https://github.com/git-lfs/git-lfs/releases/download/v3.6.0/git-lfs-windows-amd64-v3.6.0.zip",
            "hash": "62fce4cfd453493966c387db167ba1aa46ecee730ae24a5b902a1d05650fb4ce"
        },
        "32bit": {
            "url": "https://github.com/git-lfs/git-lfs/releases/download/v3.6.0/git-lfs-windows-386-v3.6.0.zip",
            "hash": "58b3029f60d51b8775a0cbb21a39b8504967577a8bb4b3feabb1f1a48bf7fb33"
        }
    },
    "extract_dir": "git-lfs-3.6.0",
    "bin": "git-lfs.exe",
    "checkver": {
        "github": "https://github.com/git-lfs/git-lfs"
    },
    "autoupdate": {
        "architecture": {
            "64bit": {
                "url": "https://github.com/git-lfs/git-lfs/releases/download/v$version/git-lfs-windows-amd64-v$version.zip"
            },
            "32bit": {
                "url": "https://github.com/git-lfs/git-lfs/releases/download/v$version/git-lfs-windows-386-v$version.zip"
            }
        },
        "hash": {
            "url": "$baseurl/sha256sums.asc"
        },
        "extract_dir": "git-lfs-$version"
    }
}
