{
    "version": "2.47.1",
    "description": "Distributed version control system",
    "homepage": "https://gitforwindows.org",
    "license": "GPL-2.0-only",
    "notes": [
        "Set Git Credential Manager Core by running: \"git config --global credential.helper manager\"",
        "",
        "To add context menu entries, run '$dir\\install-context.reg'",
        "",
        "To create file-associations for .git* and .sh files, run '$dir\\install-file-associations.reg'"
    ],
    "architecture": {
        "64bit": {
            "url": "https://github.com/git-for-windows/git/releases/download/v2.47.1.windows.1/PortableGit-2.47.1-64-bit.7z.exe#/dl.7z",
            "hash": "4f3f21f4effcb659566883ee1ed3ae403e5b3d7a0699cee455f6cd765e1ac39c"
        },
        "32bit": {
            "url": "https://github.com/git-for-windows/git/releases/download/v2.47.1.windows.1/PortableGit-2.47.1-32-bit.7z.exe#/dl.7z",
            "hash": "7d022cdf6a79b0206db4274231f51bee271001d8c88fe2e25d5ff81cc0535b80"
        }
    },
    "post_install": [
        "'install-context', 'uninstall-context', 'install-file-associations', 'uninstall-file-associations' | ForEach-Object {",
        "    $reg_file_in  = \"$bucketsdir\\main\\scripts\\git\\$_.reg\"",
        "    $reg_file_out = \"$dir\\$_.reg\"",
        "    $git_root     = \"$dir\".Replace('\\', '\\\\')",
        "    if (Test-Path $reg_file_in) {",
        "        $content = Get-Content $reg_file_in",
        "        $content = $content.Replace('$git_root', $git_root)",
        "        if ($global) {",
        "            $content = $content.Replace('HKEY_CURRENT_USER', 'HKEY_LOCAL_MACHINE')",
        "        }",
        "        Set-Content -Path $reg_file_out -Value $content -Encoding Ascii",
        "    }",
        "}"
    ],
    "bin": [
        "bin\\sh.exe",
        "bin\\bash.exe",
        "cmd\\git.exe",
        "cmd\\gitk.exe",
        "cmd\\git-gui.exe",
        "cmd\\scalar.exe",
        "usr\\bin\\tig.exe",
        "git-bash.exe"
    ],
    "shortcuts": [
        [
            "git-bash.exe",
            "Git Bash",
            "--cd-to-home"
        ],
        [
            "cmd\\git-gui.exe",
            "Git GUI"
        ]
    ],
    "env_set": {
        "GIT_INSTALL_ROOT": "$dir"
    },
    "checkver": {
        "url": "https://api.github.com/repositories/23216272/releases/latest",
        "jsonpath": "$..browser_download_url",
        "regex": "download/v(?<tag>[\\d.]+windows\\.\\d)/PortableGit-([\\d.]+)-64"
    },
    "autoupdate": {
        "architecture": {
            "64bit": {
                "url": "https://github.com/git-for-windows/git/releases/download/v$matchTag/PortableGit-$version-64-bit.7z.exe#/dl.7z"
            },
            "32bit": {
                "url": "https://github.com/git-for-windows/git/releases/download/v$matchTag/PortableGit-$version-32-bit.7z.exe#/dl.7z"
            }
        },
        "hash": {
            "url": "https://github.com/git-for-windows/git/releases/tag/v$matchTag",
            "regex": "(?s)$basename.*?$sha256"
        }
    }
}
