{
    "version": "1.22.4",
    "description": "A painless self-hosted Git service",
    "homepage": "https://gitea.io/",
    "license": "MIT",
    "architecture": {
        "64bit": {
            "url": "https://dl.gitea.com/gitea/1.22.4/gitea-1.22.4-windows-4.0-amd64.exe.xz",
            "hash": "cee89bbf5480dccd8f103b30827f5eab9508055a1b1fb328dbe8a99d6f6482f1"
        },
        "32bit": {
            "url": "https://dl.gitea.com/gitea/1.22.4/gitea-1.22.4-windows-4.0-386.exe.xz",
            "hash": "676716f58039b3f6c7c5d790b2d83b0aab1f3a9ea8cfd43da3231d36a4df4ef7"
        }
    },
    "installer": {
        "script": [
            "Get-Item \"$dir\\gitea*.exe\" | Rename-Item -NewName 'gitea.exe'",
            "if (!(Test-Path \"$persist_dir\\custom\\conf\")) {",
            "   New-Item \"$persist_dir\\custom\\conf\" -ItemType Directory | Out-Null",
            "}",
            "if (!(Test-Path \"$persist_dir\\custom\\conf\\app.ini\")) {",
            "   @(",
            "       '[database]'",
            "       'DB_TYPE = sqlite3'",
            "       \"PATH = $persist_dir/data/gitea.db\"",
            "       '[repository]'",
            "       \"ROOT = $persist_dir/repositories\"",
            "       '[log]'",
            "       \"ROOT_PATH = $persist_dir/log\"",
            "   ) -replace '\\\\', '/' | Set-Content \"$persist_dir\\custom\\conf\\app.ini\" -Encoding ASCII",
            "}"
        ]
    },
    "bin": "gitea.exe",
    "persist": [
        "custom",
        "repositories",
        "log",
        "data"
    ],
    "checkver": {
        "url": "https://dl.gitea.com/gitea/version.json",
        "jsonpath": "$.latest.version"
    },
    "autoupdate": {
        "architecture": {
            "64bit": {
                "url": "https://dl.gitea.com/gitea/$version/gitea-$version-windows-4.0-amd64.exe.xz"
            },
            "32bit": {
                "url": "https://dl.gitea.com/gitea/$version/gitea-$version-windows-4.0-386.exe.xz"
            }
        },
        "hash": {
            "url": "$url.sha256"
        }
    }
}
