{
    "version": "0.32.0",
    "description": "SQL like lanuage to perform queries on .git files",
    "homepage": "https://github.com/amrdeveloper/gql",
    "license": "MIT",
    "architecture": {
        "64bit": {
            "url": "https://github.com/AmrDeveloper/GQL/releases/download/0.32.0/gql-x86_64-windows.exe#/gitql.exe",
            "hash": "cb8792ce5cb5702e4d5a55806c81dfcfbd8e99ee6397fbe9d3c981b51c5c7787"
        },
        "32bit": {
            "url": "https://github.com/AmrDeveloper/GQL/releases/download/0.32.0/gql-x86-windows.exe#/gitql.exe",
            "hash": "ea80281911b8957f11348574f56b2a4ad8393aaf5ca7f118336c9750cb23e07a"
        }
    },
    "bin": "gitql.exe",
    "checkver": "github",
    "autoupdate": {
        "architecture": {
            "64bit": {
                "url": "https://github.com/AmrDeveloper/GQL/releases/download/$version/gql-x86_64-windows.exe#/gitql.exe"
            },
            "32bit": {
                "url": "https://github.com/AmrDeveloper/GQL/releases/download/$version/gql-x86-windows.exe#/gitql.exe"
            }
        },
        "hash": {
            "url": "$baseurl/$basename.sha256"
        }
    }
}
