{
    "version": "1.6.3",
    "description": "A friendly language for building type-safe, scalable systems",
    "homepage": "https://gleam.run/",
    "license": "Apache-2.0",
    "depends": "erlang",
    "architecture": {
        "64bit": {
            "url": "https://github.com/gleam-lang/gleam/releases/download/v1.6.3/gleam-v1.6.3-x86_64-pc-windows-msvc.zip",
            "hash": "45bf2e8311aca0c3dc1162a6d5804a98ba3b52b1920365be295dfc8f92d43197"
        }
    },
    "bin": "gleam.exe",
    "checkver": {
        "github": "https://github.com/gleam-lang/gleam/"
    },
    "autoupdate": {
        "architecture": {
            "64bit": {
                "url": "https://github.com/gleam-lang/gleam/releases/download/v$version/gleam-v$version-x86_64-pc-windows-msvc.zip"
            }
        }
    }
}
