{
    "version": "1.4.3",
    "description": "Access a global network of probes without leaving your console",
    "homepage": "https://www.jsdelivr.com/globalping",
    "license": "MPL-2.0",
    "architecture": {
        "64bit": {
            "url": "https://github.com/jsdelivr/globalping-cli/releases/download/v1.4.3/globalping_Windows_x86_64.zip",
            "hash": "962c79775afd49a55eeabf04488570666c5c152867587f1bba6cd97e5644d323"
        },
        "32bit": {
            "url": "https://github.com/jsdelivr/globalping-cli/releases/download/v1.4.3/globalping_Windows_i386.zip",
            "hash": "335d5aa1d33f0b1f662e62aed7fd9f853735fdad96c4c0dd39a2edd5c456279e"
        },
        "arm64": {
            "url": "https://github.com/jsdelivr/globalping-cli/releases/download/v1.4.3/globalping_Windows_arm64.zip",
            "hash": "0ff042fe530e0750308a4f1d4d25328a2bb8c9898ee95ccf0e6a8e404138fde0"
        }
    },
    "bin": "globalping.exe",
    "checkver": {
        "github": "https://github.com/jsdelivr/globalping-cli"
    },
    "autoupdate": {
        "architecture": {
            "64bit": {
                "url": "https://github.com/jsdelivr/globalping-cli/releases/download/v$version/globalping_Windows_x86_64.zip"
            },
            "32bit": {
                "url": "https://github.com/jsdelivr/globalping-cli/releases/download/v$version/globalping_Windows_i386.zip"
            },
            "arm64": {
                "url": "https://github.com/jsdelivr/globalping-cli/releases/download/v$version/globalping_Windows_arm64.zip"
            }
        },
        "hash": {
            "url": "$baseurl/checksums.txt"
        }
    }
}
