{
    "version": "3.2.4",
    "description": "GlslViewer is a flexible console-base OpenGL Sandbox to display 2D/3D GLSL shaders without the need of an UI.",
    "homepage": "https://github.com/patriciogonzalezvivo/glslViewer",
    "license": "BSD-3-Clause",
    "depends": "versions/ffmpeg-shared-4.4.1",
    "architecture": {
        "64bit": {
            "url": "https://github.com/patriciogonzalezvivo/glslViewer/releases/download/3.2.4/glslViewer-3.2.4-win64-AMD64.zip",
            "hash": "a912277ccde000557b556e7b31397a9c1d36be4971d1dd027c0e0a0cea477a41",
            "extract_dir": "glslViewer-3.2.4-win64-AMD64"
        }
    },
    "bin": "bin\\glslViewer.exe",
    "post_install": "Copy-Item \"$(Join-Path (appdir 'ffmpeg-shared-4.4.1' $global) 'current\\bin')\\*.dll\" \"$dir\\bin\" -Force",
    "checkver": "github",
    "autoupdate": {
        "architecture": {
            "64bit": {
                "url": "https://github.com/patriciogonzalezvivo/glslViewer/releases/download/$version/glslViewer-$version-win64-AMD64.zip",
                "extract_dir": "glslViewer-$version-win64-AMD64"
            }
        }
    }
}
