{
    "version": "6.0.1",
    "description": "Interactive function plotting utility",
    "homepage": "http://www.gnuplot.info",
    "license": "gnuplot",
    "architecture": {
        "64bit": {
            "url": "https://downloads.sourceforge.net/project/gnuplot/gnuplot/6.0.1/gp601-win64-mingw.7z",
            "hash": "sha1:cc14b009205dcd184008b1187f65d0995e77d9b6"
        }
    },
    "extract_dir": "gnuplot",
    "bin": "bin\\gnuplot.exe",
    "shortcuts": [
        [
            "bin\\wgnuplot.exe",
            "GNUPlot"
        ]
    ],
    "checkver": "(?s)\\(current stable\\).*?Release ([\\d.]+)",
    "autoupdate": {
        "architecture": {
            "64bit": {
                "url": "https://downloads.sourceforge.net/project/gnuplot/gnuplot/$version/gp$cleanVersion-win64-mingw.7z"
            }
        }
    }
}
