{
    "version": "0.0.13",
    "description": "Fuzzy search tool written in Go",
    "homepage": "https://github.com/mattn/gof",
    "license": "MIT",
    "architecture": {
        "64bit": {
            "url": "https://github.com/mattn/gof/releases/download/v0.0.13/gof_v0.0.13_windows_amd64.zip",
            "hash": "b3b27a935abd925764a3005cccb3c379347956c279c6019a7e4c3728db4413db",
            "extract_dir": "gof_v0.0.13_windows_amd64"
        }
    },
    "bin": "gof.exe",
    "checkver": "github",
    "autoupdate": {
        "architecture": {
            "64bit": {
                "url": "https://github.com/mattn/gof/releases/download/v$version/gof_v$version_windows_amd64.zip",
                "extract_dir": "gof_v$version_windows_amd64"
            }
        }
    }
}
