{
    "version": "1.62.2",
    "description": "Go language linters aggregator",
    "homepage": "https://golangci-lint.run/",
    "license": "GPL-3.0-only",
    "architecture": {
        "64bit": {
            "url": "https://github.com/golangci/golangci-lint/releases/download/v1.62.2/golangci-lint-1.62.2-windows-amd64.zip",
            "hash": "c8830aa4a6aabbae70cd336c18204d928dcd8253b98ca5891161ca295ae5e1fd",
            "extract_dir": "golangci-lint-1.62.2-windows-amd64"
        },
        "32bit": {
            "url": "https://github.com/golangci/golangci-lint/releases/download/v1.62.2/golangci-lint-1.62.2-windows-386.zip",
            "hash": "40072ed5cb727201252b0489ebdf797e29cd2e93f5fc69c98edaa2ff5a9e143a",
            "extract_dir": "golangci-lint-1.62.2-windows-386"
        },
        "arm64": {
            "url": "https://github.com/golangci/golangci-lint/releases/download/v1.62.2/golangci-lint-1.62.2-windows-arm64.zip",
            "hash": "253f993a3131f41800069d2568bfeae269135c48622c63f7500988271cf0edb0",
            "extract_dir": "golangci-lint-1.62.2-windows-arm64"
        }
    },
    "bin": "golangci-lint.exe",
    "checkver": {
        "github": "https://github.com/golangci/golangci-lint"
    },
    "autoupdate": {
        "architecture": {
            "64bit": {
                "url": "https://github.com/golangci/golangci-lint/releases/download/v$version/golangci-lint-$version-windows-amd64.zip",
                "extract_dir": "golangci-lint-$version-windows-amd64"
            },
            "32bit": {
                "url": "https://github.com/golangci/golangci-lint/releases/download/v$version/golangci-lint-$version-windows-386.zip",
                "extract_dir": "golangci-lint-$version-windows-386"
            },
            "arm64": {
                "url": "https://github.com/golangci/golangci-lint/releases/download/v$version/golangci-lint-$version-windows-arm64.zip",
                "extract_dir": "golangci-lint-$version-windows-arm64"
            }
        },
        "hash": {
            "url": "$baseurl/golangci-lint-$version-checksums.txt"
        }
    }
}
