{
    "version": "1.15.15",
    "description": "Gopass Browser Bindings",
    "homepage": "https://www.gopass.pw/",
    "license": "MIT",
    "depends": "gopass",
    "architecture": {
        "64bit": {
            "url": "https://github.com/gopasspw/gopass-jsonapi/releases/download/v1.15.15/gopass-jsonapi-1.15.15-windows-amd64.zip",
            "hash": "76295f1105e5ac2a56aa344c1a26ab02b926991bb413e5768066289b76af4407"
        }
    },
    "bin": "gopass-jsonapi.exe",
    "checkver": {
        "github": "https://github.com/gopasspw/gopass-jsonapi"
    },
    "autoupdate": {
        "architecture": {
            "64bit": {
                "url": "https://github.com/gopasspw/gopass-jsonapi/releases/download/v$version/gopass-jsonapi-$version-windows-amd64.zip"
            }
        },
        "hash": {
            "url": "$baseurl/gopass-jsonapi_$version_SHA256SUMS"
        }
    }
}
