{
    "version": "2.4.8",
    "description": "Release automation tool for Go projects.",
    "homepage": "https://goreleaser.com",
    "license": "MIT",
    "architecture": {
        "64bit": {
            "url": "https://github.com/goreleaser/goreleaser/releases/download/v2.4.8/goreleaser_Windows_x86_64.zip",
            "hash": "d741624e79adfd927a9d8b1d5137fa0e930826af3e01d9aa6de40983428f4e20"
        },
        "32bit": {
            "url": "https://github.com/goreleaser/goreleaser/releases/download/v2.4.8/goreleaser_Windows_i386.zip",
            "hash": "6f0cc26baa0f19286829f656059e4062ed605adec2a5497f530a9781ad629fe2"
        },
        "arm64": {
            "url": "https://github.com/goreleaser/goreleaser/releases/download/v2.4.8/goreleaser_Windows_arm64.zip",
            "hash": "9f33640e74910cf38ed2fce591439422d63a4c419fd0fb7a148d38a642e893af"
        }
    },
    "bin": "goreleaser.exe",
    "checkver": {
        "github": "https://github.com/goreleaser/goreleaser/"
    },
    "autoupdate": {
        "architecture": {
            "64bit": {
                "url": "https://github.com/goreleaser/goreleaser/releases/download/v$version/goreleaser_Windows_x86_64.zip"
            },
            "32bit": {
                "url": "https://github.com/goreleaser/goreleaser/releases/download/v$version/goreleaser_Windows_i386.zip"
            },
            "arm64": {
                "url": "https://github.com/goreleaser/goreleaser/releases/download/v$version/goreleaser_Windows_arm64.zip"
            }
        },
        "hash": {
            "url": "$baseurl/checksums.txt",
            "regex": "$sha256  $basename\\n"
        }
    }
}
