{
    "version": "8.11.1",
    "description": "An open-source build automation tool focused on flexibility and performance. (Source code and documentation bundled)",
    "homepage": "https://gradle.org",
    "license": "Apache-2.0",
    "suggest": {
        "JDK": "java/openjdk"
    },
    "url": "https://services.gradle.org/distributions/gradle-8.11.1-all.zip",
    "hash": "89d4e70e4e84e2d2dfbb63e4daa53e21b25017cc70c37e4eea31ee51fb15098a",
    "extract_dir": "gradle-8.11.1",
    "post_install": [
        "$current_env = Get-EnvVar -Name GRADLE_USER_HOME -Global:$global",
        "If ($null -eq $current_env) {",
        "    $path = \"$dir\\.gradle\"",
        "    Set-EnvVar -Name GRADLE_USER_HOME -Value $path -Global:$global",
        "    $Env:GRADLE_USER_HOME = $path",
        "    Write-Host \"Environment variable 'GRADLE_USER_HOME' set to '$path'\"",
        "}"
    ],
    "persist": ".gradle",
    "bin": "bin\\gradle.bat",
    "checkver": {
        "url": "https://gradle.org/install/",
        "regex": "The current Gradle release is version ([\\d.]+)"
    },
    "autoupdate": {
        "url": "https://services.gradle.org/distributions/gradle-$version-all.zip",
        "hash": {
            "url": "$url.sha256"
        },
        "extract_dir": "gradle-$version"
    }
}
