{
    "version": "0.36.3",
    "description": "Granted is a command line interface (CLI) application which simplifies access to cloud roles and allows multiple cloud accounts to be opened in your web browser simultaneously.",
    "homepage": "https://github.com/common-fate/granted",
    "license": "MIT",
    "depends": "aws",
    "architecture": {
        "32bit": {
            "url": "https://releases.commonfate.io/granted/v0.36.3/granted_0.36.3_windows_i386.zip",
            "hash": "12cd57c5e7c5ffc46ecc9befcc45aa21fa0189a782ba9c8d7ee22b8eeac5ce3c"
        },
        "64bit": {
            "url": "https://releases.commonfate.io/granted/v0.36.3/granted_0.36.3_windows_x86_64.zip",
            "hash": "c359818cd7ec5e469557afc14e25ca8fc3ff234646fdaf90f8f14cbe01b801b8"
        },
        "arm64": {
            "url": "https://releases.commonfate.io/granted/v0.36.3/granted_0.36.3_windows_arm64.zip",
            "hash": "32d0182b8e5ce0720246cca484b71bfb23b6ef25c0042b8db20c6902b8e929ad"
        }
    },
    "bin": [
        "assume.ps1",
        "granted.exe"
    ],
    "checkver": "github",
    "autoupdate": {
        "architecture": {
            "32bit": {
                "url": "https://releases.commonfate.io/granted/v$version/granted_$version_windows_i386.zip"
            },
            "64bit": {
                "url": "https://releases.commonfate.io/granted/v$version/granted_$version_windows_x86_64.zip"
            },
            "arm64": {
                "url": "https://releases.commonfate.io/granted/v$version/granted_$version_windows_arm64.zip"
            }
        }
    }
}
