{
    "version": "12.2.1",
    "description": "Open source graph visualization software.",
    "homepage": "https://www.graphviz.org/",
    "license": "EPL-1.0",
    "architecture": {
        "64bit": {
            "url": "https://gitlab.com/api/v4/projects/4207231/packages/generic/graphviz-releases/12.2.1/windows_10_cmake_Release_graphviz-install-12.2.1-win64.exe#/dl.7z",
            "hash": "6809d0095919844a6c557092d2005605450d8ad2ef69ed89d7bc3ee791b6f9da"
        },
        "32bit": {
            "url": "https://gitlab.com/api/v4/projects/4207231/packages/generic/graphviz-releases/12.2.1/windows_10_cmake_Release_graphviz-install-12.2.1-win32.exe#/dl.7z",
            "hash": "92e66ad36dc571dbc4fc2af4ca147d1ae8cb9d447cb5c2d6f211398c1306194f"
        }
    },
    "post_install": "Remove-Item \"$dir\\`$PLUGINSDIR\", \"$dir\\Uninstall.exe\" -Recurse -Force",
    "bin": [
        "bin\\acyclic.exe",
        "bin\\bcomps.exe",
        "bin\\ccomps.exe",
        "bin\\dijkstra.exe",
        "bin\\dot.exe",
        "bin\\gc.exe",
        "bin\\gml2gv.exe",
        "bin\\graphml2gv.exe",
        "bin\\gvcolor.exe",
        "bin\\gvgen.exe",
        "bin\\gvpack.exe",
        "bin\\gvpr.exe",
        "bin\\gxl2gv.exe",
        "bin\\mm2gv.exe",
        "bin\\nop.exe",
        "bin\\sccmap.exe",
        "bin\\tred.exe",
        "bin\\unflatten.exe",
        [
            "bin\\dot.exe",
            "circo"
        ],
        [
            "bin\\dot.exe",
            "fdp"
        ],
        [
            "bin\\dot.exe",
            "neato"
        ],
        [
            "bin\\dot.exe",
            "nop2",
            "-Knop2"
        ],
        [
            "bin\\dot.exe",
            "osage"
        ],
        [
            "bin\\dot.exe",
            "patchwork"
        ],
        [
            "bin\\dot.exe",
            "sfdp"
        ],
        [
            "bin\\dot.exe",
            "twopi"
        ]
    ],
    "checkver": {
        "url": "https://gitlab.com/graphviz/graphviz/-/tags?format=atom",
        "regex": "/tags/([\\d.]+)<"
    },
    "autoupdate": {
        "architecture": {
            "64bit": {
                "url": "https://gitlab.com/api/v4/projects/4207231/packages/generic/graphviz-releases/$version/windows_10_cmake_Release_graphviz-install-$version-win64.exe#/dl.7z"
            },
            "32bit": {
                "url": "https://gitlab.com/api/v4/projects/4207231/packages/generic/graphviz-releases/$version/windows_10_cmake_Release_graphviz-install-$version-win32.exe#/dl.7z"
            }
        },
        "hash": {
            "url": "$url.sha256",
            "regex": "$sha256\\s*"
        }
    }
}
