{
    "version": "1.4.5",
    "description": "A regular expression generator",
    "homepage": "https://github.com/pemistahl/grex",
    "license": "Apache-2.0",
    "architecture": {
        "64bit": {
            "url": "https://github.com/pemistahl/grex/releases/download/v1.4.5/grex-v1.4.5-x86_64-pc-windows-msvc.zip",
            "hash": "ffd6e41a78cf97fd5442b16a504102c229ce78e8a07b0fb89ba1e39ac3ff469e"
        }
    },
    "bin": "grex.exe",
    "checkver": "github",
    "autoupdate": {
        "architecture": {
            "64bit": {
                "url": "https://github.com/pemistahl/grex/releases/download/v$version/grex-v$version-x86_64-pc-windows-msvc.zip"
            }
        }
    }
}
